_link_txt,category,combined_text,country,curation_before_similarity,dedupe_reason,duplicate_of,is_trump_story,key_toks_title,lang,lang_conf,lang_detected,lang_method,link,most_debated_score,most_debated_score_raw,published_iso,reddit_match_count,reddit_matches,secondary_category,secondary_category_hint,shortlist_score,sim_cluster_id,sim_is_dupe,sim_score,sim_title_ratio,sim_to_index,source_method,source_name,source_url,summary,title,trump_exempt
,Kultur,,US,1.0,,,,,en,1.0,en,agree,https://www.illyria.com/finding-albania-the-dream-and-the-lie-elena-dorfmans-artistic-vision/,,,2025-09-30T18:35:11+00:00,,,Utenriks,Utenriks,2.207484899451544,6,False,,,,html-enriched,Illyria (EN),https://www.illyria.com/english/,"Rafaela Prifti Her Albanian heritage may not be recognizable in the name Elena Dorfman, yet her camera unveils the artistic explorations of the maternal homeland at art exhibits in the West Coast and half way around the world. The photographer and filmmaker-based in Los Angeles since 1989 has gravitated towards the self-isolated land of herRuben Avxhiu Rafaela Prifti Her Albanian heritage may not be recognizable in the name Elena Dorfman, yet her camera unveils the artistic explorations of the maternal homeland at art exhibits in the West Coast and half way around the world. The photographer and filmmaker-based in Los Angeles since 1989 has gravitated towards the self-isolated land of her",Finding Albania – The Dream and the Lie – Elena Dorfman’s Artistic Vision - ILLYRIA,
,Kultur,,EE,-2.3717166200173745,,,,,en,1.0,en,agree,https://news.err.ee/1609826901/gallery-estonian-football-museum-opens-at-tallinn-s-a-le-coq-arena,,,2025-10-11T12:15:00+0300,,,Utenriks,Utenriks,1.6094763712037383,24,False,,,,html,ERR News (EN),https://news.err.ee/,A new football museum detailing the history of the sport in Estonia opened at the A. Le Coq Arena in Tallinn on Thursday. Football fans can visit the museum ahead of Estonia's World Cup qualifier against Italy.,Gallery: Estonian football museum opens at Tallinn's A. Le Coq Arena,
,Kultur,,IE,-4.175875633210796,,,,,en,0.9999999999993294,en,agree,https://www.independent.ie/regionals/waterford/news/waterford-community-hospital-to-benefit-from-2025-deja-vu-fundraising-rally/a1691335217.html,,,2025-10-10T07:20:00+02:00,,,Teknologi,Teknologi,1.2831843320371623,31,False,,,,sitemap,Irish Independent,https://www.independent.ie/,"Waterford is the venue for this year’s ‘Déjà Vu’ rallying festival, a celebration featuring 145 classic and historic rally cars and taking place over the weekend of October 10 – 12.",Waterford community hospital to benefit from 2025 ‘Déjà Vu’ fundraising rally,
,Kultur,,GB,-13.682147303235237,,,,,en,0.9999982754707366,en,agree,https://www.bbc.co.uk/news/articles/crmegpz32ggo,,,2025-10-11T07:52:02.599000+00:00,,,,Økonomi,1.5048904184852057,64,False,,,,html-enriched,BBC News – Top stories,https://www.bbc.co.uk/news,A life-size elephant puppet takes centre stage at this year's Bradford South Asian Festival.,Elephant puppet leads Bradford South Asian Festival parade - BBC News,
,Kultur,,IE,-15.94639589844169,,,,,en,0.999999999971443,en,agree,https://www.independent.ie/entertainment/theatre-arts/thomas-johnston-my-drive-comes-from-growing-up-in-a-farming-family-you-just-have-keep-going-when-times-are-tough/a577549430.html,,,2025-10-10T06:30:00+02:00,,,,Økonomi,1.3984366514232829,70,False,,,,sitemap,Irish Independent,https://www.independent.ie/,"Thomas Johnston is creative director of performing arts company Ceol Connected and artistic director of Tradoodle Festival, Co Monaghan, November 1-4. Aged 42, he lives in Glasnevin, Dublin, with his partner and dog Lua.",Thomas Johnston: ‘My drive comes from growing up in a farming family – you just have keep going when times are,
,Kultur,,GB,-18.781478803289403,,,,,en,0.999995538909682,en,agree,https://www.bbc.co.uk/news/articles/cpd900j25p0o,,,2025-10-10T05:24:34.138000+00:00,,,,Økonomi,1.2982775524739876,80,False,,,,html-enriched,BBC News – Top stories,https://www.bbc.co.uk/news,More than 40 scarecrows made by local residents will go on display.,Longhope Scarecrow Festival returns for third year - BBC News,
,Kultur,,EE,-21.4869673622666,,,,,en,0.999999999956292,en,agree,https://news.err.ee/1609826886/gallery-maria-kapajeva-s-new-exhibition-by-losing-them-i-become-whole-opens-in-tartu,,,2025-10-11T13:44:00+0300,,,,Økonomi,1.708369284341198,85,False,,,,html,ERR News (EN),https://news.err.ee/,"A new exhibition by Maria Kapajeva exploring identity politics, womanhood and life in a queer body through her recent physical transformation and ongoing healing process, has opened at the Kogo Gallery in Tartu.","Gallery: Maria Kapajeva's new exhibition 'By Losing Them, I Become Whole' opens in Tartu",
,Kultur,,PL,-24.250875412685467,,,,,en,0.9999972628443768,en,agree,"https://www.polskieradio.pl/395/7791/artykul/3591946,polish-exhibition-kicks-off-at-london’s-photographers’-gallery",,,,,,,Økonomi,1.4874999999999998,93,False,,,,html-enriched,Polskie Radio – English,"https://www.polskieradio.pl/395,english-section","An exhibition entitled ""Zofia Rydet: Sociological Record"" opened on Friday at the Photographers’ Gallery in London.",Polish exhibition kicks off at London’s Photographers’ Gallery - English Section,
,Kultur,,FR,-27.214423094100244,,,,,en,1.0,da,langid_confident,https://www.lemonde.fr/culture/article/2025/10/11/au-festival-c-est-dans-la-vallee-patricia-kaas-invitee-surprise_6645733_3246.html,,,2025-10-11T08:42:39+02:00,,,,Økonomi,1.4038741543857969,101,False,,,,sitemap,Le Monde (EN),https://www.lemonde.fr/en/,"La chanteuse mosellane est devenue la reine du Dreyeckland, le 10 octobre, lors d’une soirée germanophile organisée par le compositeur et chanteur Rodolphe Burger, à Sainte-Marie-aux-Mines (Haut-Rhin).","Patricia Kaas, invitée surprise du festival C’est dans la vallée, en Alsace",
,Kultur,,AL,-30.21187498311041,,,,,en,0.9999999560458216,en,agree,https://www.tiranatimes.com/2025-tirana-the-mediterranean-capital-of-culture-and-dialogue/,,,2025-02-04T09:24:49+00:00,,,,Økonomi,1.3665839802845432,106,False,,,,html-enriched,Tirana Times,https://www.tiranatimes.com/,"On top of celebrations, the city will serve also as a agora of open debate",2025- Tirana the Mediterranean capital of culture and dialogue - Tirana Times,
,Kultur,,NL,-33.675425139914964,,,,,en,1.0,en,agree,https://www.dutchnews.nl/2025/10/dutch-own-more-museumkaarts-and-make-more-museum-visits/,,,2025-10-07T10:58:15+00:00,,,,Økonomi,2.1562230484770395,114,False,,,,html-enriched,DutchNews.nl,https://www.dutchnews.nl/,"A record 1.5 million people now hold a Museumkaart, which gives free or discounted entry to 473 museums across the Netherlands, the Dutch museum association said on Tuesday. The card is proving especially popular among people aged 45 and under. “The data show that museums are doing better than ever at connecting with new generations,” said director Vera Carasso. “They are focusing on current themes and relevant programming, including evening and weekend events.” Museumkaart holders accounted for 31% of all...",Dutch own more Museumkaarts and make more museum visits - DutchNews.nl,
,Kultur,,FR,-36.39511303447988,,,,,en,1.0,da,langid_confident,https://www.lemonde.fr/culture/article/2025/10/11/quiz-culture-generale-que-savez-vous-du-pantheon_6103767_3247.html,,,2025-10-11T11:32:35+02:00,,,,Økonomi,1.1932921400197931,120,False,,,,sitemap,Le Monde (EN),https://www.lemonde.fr/en/,"Etes-vous au point sur ce monument et les personnalités qui y sont honorées? Faites ce test inspiré de Mémorable, l’application de culture générale du « Monde ».",Quiz culture générale : que savez-vous du Panthéon ?,
,Kultur,,AL,-45.28535470705195,,,,,en,0.9993162402390768,en,agree,https://www.tiranatimes.com/saudi-literature-in-albanian-tirana-times-publishes-three-new-titles-ahead-of-saudi-cultural-week-in-tirana/,,,2025-09-15T16:09:43+00:00,,,,Økonomi,1.2481764732477276,139,False,,,,html-enriched,Tirana Times,https://www.tiranatimes.com/,Tirana Times Staff,Saudi Literature in Albanian: Tirana Times Publishes Three New Titles Ahead of Saudi Cultural Week in Tirana - Tirana Times,
,Kultur,,EE,-49.23497311119814,,,,,en,0.999999999841948,en,agree,https://estonianworld.com/culture/pictures-laulupidu-ja-tantsupidu-2025-song-and-dance-celebration-2025/,,,2025-07-08T14:47:19+00:00,,,,Økonomi,1.4858745071590087,146,False,,,,html-enriched,Estonian World (EN),https://estonianworld.com/,"Photo gallery by Andrea Forlani, capturing the unforgettable moments of Estonia’s 2025 Song and Dance Celebration.",Laulupidu and Tantsupidu 2025: Estonia’s iconic Song and Dance Celebration in photos,
,Kultur,,EU,-54.34684078347371,,,,,en,1.0,en,agree,https://www.euronews.com/culture/2025/10/09/from-one-piece-to-the-hunger-games-when-pop-culture-iconography-turns-political,,,2025-10-09T10:01:22+00:00,,,,Økonomi,1.9834625735140432,155,False,,,,html-enriched,Euronews (EN),https://www.euronews.com/,Pop culture as political expression: Gen Z have begun to adopt a symbol from a popular manga for their protest movements. Here’s why the One Piece flag has become a globally recognised symbol of revolt and how there is precedence when it comes to using cultural touchstones as protest rallying cries.,From One Piece to The Hunger Games: When pop culture iconography turns political | Euronews,
,Kultur,,EU,-58.4796430395091,,,,,en,0.999999999845946,en,agree,https://www.euronews.com/video/2025/10/10/festival-of-lights-brings-colour-and-creativity-to-berlin-nights,,,2025-10-10T09:52:03+00:00,,,,Økonomi,1.7356737943632092,164,False,,,,html-enriched,Euronews (EN),https://www.euronews.com/,"Video. Berlin’s skyline was illuminated on Thursday evening as the city marked the opening of its annual Festival of Lights, transforming landmarks and public spaces into radiant works of art.",Video. Festival of Lights brings colour and creativity to Berlin nights | Euronews,
,Meninger,,EU,1.0425,,,,,en,0.9999999999999992,en,agree,https://www.politico.eu/article/britain-leaders-got-their-megaphones-out-no-one-is-listening-keir-starmer-kemi-badenoch/,,,2025-10-08T15:24:56Z,,,,Økonomi,1.468018182045327,3,False,,,,html,Politico Europe,https://www.politico.eu/,"Like PM Keir Starmer, Conservative leader Kemi Badenoch pulled through her party conference with an announcement that pleased the faithful. But will the public notice — and will it save her from an internal challenge?",Britain’s leaders got their megaphones out. No one is listening.,
,Meninger,,PL,-0.9925,,,,,en,0.9999999999999912,en,agree,https://notesfrompoland.com/2025/10/11/polish-opposition-hold-protest-against-eu-migration-and-trade-policies/,,,2025-10-11T17:43:30+00:00,,,Økonomi,Økonomi,2.1993787567109813,17,False,,,,html-enriched,Notes from Poland,https://notesfrompoland.com/,"Notes from Poland is run by asmall editorial teamand is published by an independent, non-profit foundation that is funded through donations from our readers. We cannot do what we do without your support.",Polish opposition hold protest against EU migration and trade policies | Notes From Poland,
,Meninger,,GB,-2.2992166200173747,,,,,en,0.999997417786878,en,agree,https://www.bbc.co.uk/news/articles/cx25qyy2ew1o,,,2025-10-10T05:22:41.591000+00:00,,,,Økonomi,1.4594892375107185,23,False,,,,html-enriched,BBC News – Top stories,https://www.bbc.co.uk/news,"The purchase of a hotel will help address a lack of temporary accommodation, a council leader says.",Southport hotel 'vital' to help Sefton's single homeless people - BBC News,
,Meninger,,EU,-4.838375633210797,,,,,en,0.9999999859946472,en,agree,https://www.politico.eu/article/manfred-weber-struggles-ursula-von-der-leyen-party/,,,2025-10-09T09:04:37Z,,,,Økonomi,1.1541912770770593,34,False,,,,html,Politico Europe,https://www.politico.eu/,"From veggie burger bans to climate infighting, the EPP leader is facing pressure from all sides.",Manfred Weber struggles to keep von der Leyen’s party in line,
,Meninger,,EE,-6.409649699531195,,,,,en,0.9999971139352912,en,agree,https://estonianworld.com/category/opinion/,,,2025-09-21T00:00:00+00:00,,,Utenriks,Utenriks,0.8477357227926576,40,False,,,,html-enriched,Estonian World (EN),https://estonianworld.com/,Opinion articles by Estonian and global opinion leaders,Opinion Archives - Estonian World,
,Meninger,,AT,-14.299647303235238,,,,,en,0.9999942272154057,en,langid_confident,https://apnews.com/video/floridas-little-venezuela-celebrates-opposition-leader-machados-nobel-peace-prize-1a478eee64bd46ce894c38f8eb1e61bf,,,2025-10-10T20:42:00.631Z,,,,Økonomi,1.0922102677054155,66,False,,,,sitemap,AP News – Austria hub,https://apnews.com/hub/austria,Florida's ‘Little Venezuela’ celebrates opposition leader Machado’s Nobel Peace Prize,Florida's ‘Little Venezuela’ celebrates opposition leader Machado’s Nobel Peace Prize,
,Meninger,,EU,-17.63889589844169,,,,,en,0.9999943554009342,en,agree,https://www.politico.eu/section/opinion/,,,,,,,Økonomi,0.72,76,False,,,,html-enriched,Politico Europe,https://www.politico.eu/,Insight and opinion on politics and policy.,Opinion – POLITICO,
,Politikk,,EU,8.326672684688674e-17,,,,,en,0.9999999999999992,en,agree,https://euobserver.com/eu-and-the-world/ar211f1610,,,2025-10-10T14:40:41.062Z,,,Utenriks,Utenriks,1.545531869337443,10,False,,,,html,EUobserver,https://euobserver.com/,There was little surprise when the Lobito Corridor project was the first example cited by EU Commission president Ursula von der Leyen at the start of the Global Gateway Forum in Brussels on Thursday.,EU touts Africa rail corridor but mineral-processing is key battle with China,
,Politikk,,FR,-1.3967166200173746,,,,,en,1.0,en,agree,https://www.mediapart.fr/en/journal/france/031025/french-tv-personality-and-psychoanalyst-gerard-miller-faces-criminal-probe-over-rape-and-sexual-assault,,,2025-10-03T15:14:09+02:00,,,Underholdning,Underholdning,2.009972316386456,18,False,,,,html,Mediapart (EN),https://www.mediapart.fr/en,"The well-known psychoanalyst and broadcaster Gérard Miller was formally placed under investigation on October 2nd, in connection with four allegations of rape – three involving minors – and two claims of sexual assault, committed between 2000 and 2020. He was also designated an assisted witness – an intermediate status in French law between that of a witness and a formal suspect - in connection with the alleged rape of a minor over the age of 15.",French TV personality and psychoanalyst Gérard Miller faces criminal probe over rape and sexual assault,
,Politikk,,FI,-6.927462237597861,,,,,en,1.0,en,agree,https://www.helsinkitimes.fi/world-int/28082-maria-corina-machado-awarded-nobel-peace-prize.html,,,2025-10-10T10:38:24+00:00,,,Meninger,Meninger,2.15064731643151,43,False,,,,html-enriched,Helsinki Times (EN),https://www.helsinkitimes.fi/,"María Corina Machado, the Venezuelan opposition leader, has received the 2025 Nobel Peace Prize for her long-standing work defending democratic principles in Venezuela. The Norwegian Nobel Committee announced the award in Oslo, citing her efforts to unify opposition groups, promote free elections, and push for a non-violent transition to democracy. “She is a woman who keeps the flame of democracy burning amidst a growing darkness,” said Jørgen Watne Frydnes, chair of the committee.",María Corina Machado awarded Nobel Peace Prize - Helsinki Times,
,Politikk,,US,-9.202964367343672,,,,,en,1.0,en,agree,https://www.illyria.com/transformation-of-the-healthcare-system-in-kosova-and-medical-diplomacy/,,,2025-03-19T18:17:00+00:00,,,Vitenskap,Vitenskap,2.200404243937687,51,False,,,,html-enriched,Illyria (EN),https://www.illyria.com/english/,"By Rifat Latifi, MD, FACS, FICS, FKCS*** The essay appeared first at the Kosova Journal of Surgery a publication of Kosova College of Surgeons PERSPECTIVE Abstract Being the Minister of Health, of any country, is the greatest honor and privilege, but being the Minister of Health in Kosova, the newest country in Europe and whereRuben Avxhiu By Rifat Latifi, MD, FACS, FICS, FKCS*** The essay appeared first at the Kosova Journal of Surgery a publication of Kosova College of Surgeons PERSPECTIVE Abstract Being the Minister of Health, of any country, is the greatest honor and privilege, but being the Minister of Health in Kosova, the newest country in Europe and where",Transformation of the Healthcare System in Kosova and Medical Diplomacy - ILLYRIA,
,Politikk,,AT,-22.55192309410025,,,,,en,0.9999999999998918,en,agree,https://apnews.com/video/pope-leo-xvi-praises-reporters-in-gaza-and-ukraine-who-risk-their-lives-to-recount-the-truth-of-war-98f322d5007f4e01a7c0e11fd833f7af,,,2025-10-09T16:24:31.002Z,,,Kultur,Kultur,1.352465507824539,89,False,,,,sitemap,AP News – Austria hub,https://apnews.com/hub/austria,"Pope Leo XIV encouraged international news agencies on Thursday to stand firm as a bulwark against the “ancient art of lying” and manipulation, as he strongly backed a free, independent and objective press.",Pope Leo XVI praises reporters in Gaza and Ukraine who risk their lives to recount the truth of war,
,Politikk,,BE,-24.896874983110408,,,,,en,0.999998514346318,en,agree,https://brusselsmorning.com/eu-council-approves-e150bn-safe-plan-to-boost-defence-sector/73587/,,,2025-05-27T11:29:02+00:00,,,Utenriks,Utenriks,1.4756063716650911,95,False,,,,html-enriched,Brussels Morning (EN),https://brusselsmorning.com/,"Brussels (Brussels Morning Newspaper) - Today, the European Council has implemented a regulation that establishes the Security Action for Europe (SAFE) instrume",EU Council approves €150bn SAFE plan to boost defence sector,
,Politikk,,GB,-43.85934078347372,,,,,en,0.9999999979547526,en,agree,https://www.bbc.co.uk/news/articles/cd721zdzr4xo,,,2025-10-10T10:15:52.192000+00:00,,,Teknologi,Teknologi,1.5437959276634496,136,False,,,,html-enriched,BBC News – Top stories,https://www.bbc.co.uk/news,Police officers question two people and find a suspected improvised explosive device at one of the suspect's homes.,Belgium: Suspected jihadist drone plot against Prime Minister Bart De Wever foiled - BBC News,
,Politikk,,IE,-57.96739633257064,,,,,en,0.9999999999999948,en,agree,https://www.independent.ie/world-news/middle-east/indonesia-denies-visas-to-israel-gymnasts-amid-gaza-outcry/a741053596.html,,,2025-10-10T11:00:31+02:00,,,Utenriks,Utenriks,1.2968737793329237,162,False,,,,sitemap,Irish Independent,https://www.independent.ie/,"Indonesia has denied visas to Israeli gymnasts, costing them a spot in a world championship in Jakarta this month, a sports official in the Southeast Asian nation said on Friday, amid outcry over Israel's military offensive in Gaza.",Indonesia denies visas to Israel gymnasts amid Gaza outcry,
,Politikk,,EE,-64.4169764353263,,,,,en,0.9999999779591552,en,agree,https://news.err.ee/1609826031/estonian-government-to-replace-free-legal-aid-with-ai-chatbot,,,2025-10-10T14:32:00+0300,,,Teknologi,Teknologi,1.3521310181426995,173,False,,,,html,ERR News (EN),https://news.err.ee/,"A ministry chatbot will replace the free or discounted legal advice the state provides each year to around 10,000 people in financial difficulty, Postimees reported.",Estonian government to replace free legal aid with AI chatbot,
,Politikk,,SE,-307.1087236573376,,,,,sv,0.9999999999991324,sv,agree,https://omni.se/uppgift-dalennatverkets-ledare-gripen-i-mexiko/a/63m1O8,,,2025-10-11T15:13:38+00:00,,,,Økonomi,1.6872006465057825,347,False,,,,html-enriched,Omni (SE),https://omni.se/,"Gängtoppen Mikael Ahlström Tenezos, även kallad ”Greken”, har gripits i Mexiko. Det rapporterar SVT Nyheter med hänvisning till uppgifter i mexikanska medier.",Uppgifter: Gängtoppen ”Greken” gripen i Mexiko,
,Politikk,,PL,-758.4986153322609,,,,,en,0.9999999999998468,en,agree,"https://www.polskieradio.pl/395/7790/artykul/3591649,tennis-poland’s-swiatek-beaten-in-wuhan-open-quarterfinals",,,,,,,Økonomi,1.58125,454,False,,,,html-enriched,Polskie Radio – English,"https://www.polskieradio.pl/395,english-section",Poland’s Iga Świątek crashed out of the Wuhan Open tennis tournament in China after being swept aside by Italy's Jasmine Paolini in the quarterfinals on Friday.,Tennis: Poland’s Świątek beaten in Wuhan Open quarterfinals - English Section,
,Politikk,,AL,-1227.2886386702955,,,,,en,1.0,en,agree,https://www.tiranatimes.com/what-is-the-aim-of-the-declaration-on-military-cooperation-between-croatia-albania-and-kosovo/,,,2025-04-02T20:49:47+00:00,,,,Økonomi,1.5904339372494247,542,False,,,,html-enriched,Tirana Times,https://www.tiranatimes.com/,"Albania, Croatia and Kosovo signed a joint declaration of cooperation on defence on 18 March in Tirana, which sparked anger among the Serbian officials, who","What is the aim of the Declaration on military cooperation between Croatia, Albania and Kosovo? - Tirana Times",
,Politikk,,EU,-1310.2646142858316,,,,,en,0.9999995896283068,en,agree,https://www.euractiv.com/news/french-german-business-elite-demands-repeal-of-clean-supply-chains-law/,,,2025-10-10T12:13:00+00:00,,,Økonomi,Økonomi,1.479569234342387,557,False,,,,html-enriched,EURACTIV,https://www.euractiv.com/,This would be a 'symbolic signal' that the EU is serious about restoring competitiveness,"French, German business elite demands repeal of clean supply chains law | Euractiv",
,Politikk,,,-1349.359113752345,,,,,,0.9999989033029412,no,agree,https://www.nrk.no/tromsogfinnmark/kvaefjord-gir-500.000-kroner-til-de-som-bygger-nye-eneboliger-1.17607695,,,2025-10-11T18:04:09+02:00,,,,Økonomi,1.2907857902795978,564,False,,,,sitemap,NRK – Toppsaker,https://www.nrk.no/,Kommunen vil lokke nye boligbyggere til kommunen med stort tilskudd og null kroner i eiendomsskatt.,Vil lokke flere til kommunen med 500.000 kroner: – Vil bety alt,
,Politikk,,NL,-1394.4080283808423,,,,,en,1.0,en,agree,https://www.dutchnews.nl/2025/10/government-spending-on-health-and-social-care-up-9-in-2024/,,,2025-10-08T09:08:55+00:00,,,Økonomi,Økonomi,2.1861288101473235,572,False,,,,html-enriched,DutchNews.nl,https://www.dutchnews.nl/,"In 2024, Dutch government spending on health and social care – including support for refugees and childcare – rose by 8.9% to €155 billion, the national statistics office, the CBS, said on Wednesday. Total spending on care services grew much faster than the economy and now accounts for nearly 14% of GDP. Taken together, all forms of care cost an average of €8,610 per person last year – an increase of €654 compared with 2023, the CBS figures show. The...",Government spending on health and social care up 9% in 2024 - DutchNews.nl,
,Politikk,,EE,-1736.357647940368,,,,,en,0.9999999598328086,en,agree,https://estonianworld.com/business/central-bank-government-borrowing-to-boost-the-economic-growth/,,,2025-10-01T01:40:26+00:00,,,Økonomi,Økonomi,1.343938843136096,630,False,,,,html-enriched,Estonian World (EN),https://estonianworld.com/,"Estonia’s central bank forecasts 0.6% growth in 2025 and over 3% by 2027, with 2026 momentum driven largely by government borrowing.",Central bank: borrowing to drive Estonia’s growth,
,Teknologi,,NL,1.0,,,,,en,1.0,en,agree,https://www.dutchnews.nl/2025/10/majority-of-europes-child-abuse-material-is-on-dutch-servers/,,,2025-10-06T10:11:22+00:00,,,Vitenskap,Vitenskap,2.190197383569197,5,False,,,,html-enriched,DutchNews.nl,https://www.dutchnews.nl/,"More than 60% of child pornography in Europe is hosted on Dutch servers, new research has found. The Netherlands’ high-quality digital infrastructure and reliable electricity networks has made it an attractive base for producers of online material, including images and videos of child sexual abuse, children’s rights charity Terre des Hommes said. The organisation has called on political parties to commit to strengthening the regulation of what it calls an “online Wild West” to crack down on abusive content. The...",Majority of Europe’s child abuse material is on Dutch servers - DutchNews.nl,
,Teknologi,,AL,-0.7174999999999999,,,,,en,0.9999999994958528,en,agree,https://www.tiranatimes.com/arab-scientist-among-2025-nobel-chemistry-laureates-for-groundbreaking-molecular-architectures/,,,2025-10-08T13:51:54+00:00,,,Vitenskap,Vitenskap,1.6075231317286889,15,False,,,,html-enriched,Tirana Times,https://www.tiranatimes.com/,In an era when Arab nations are investing heavily in science and technology especially under initiatives such as Saudi Arabia’s Vision 2030 Yaghi’s Nobel,Arab Scientist Among 2025 Nobel Chemistry Laureates for Groundbreaking Molecular Architectures - Tirana Times,
,Teknologi,,EU,-3.978375633210797,,,,,en,0.9999999999331712,en,agree,https://www.euronews.com/health/health-news,,,2025-10-08T05:00:49+00:00,,,Vitenskap,Vitenskap,1.166278247768804,30,False,,,,html-enriched,Euronews (EN),https://www.euronews.com/,"Stay up to date with the top news and stories on prevention and treatments, health science, diseases and ageing. Look to the future with analysis on health technology and vaccines.",Health news | Health | Euronews,
,Teknologi,,FI,-5.897149699531195,,,,,en,0.9999999994072494,en,agree,https://www.dailyfinland.fi/worldwide/45659/Scientists-in-Australia-develop-nanofluidic-chip-with-brain-like-memory-pathway,,,,,,,Økonomi,1.54375,38,False,,,,html-enriched,Daily Finland (EN),https://www.dailyfinland.fi/,"Scientists in Australia have developed a coin-sized fluid-based chip that behaves like neural pathways of the brain, potentially heralding a",Scientists in Australia develop nanofluidic chip with brain-like memory pathway,
,Teknologi,,EU,-7.62996223759786,,,,,en,0.9999999064423528,en,agree,https://www.euractiv.com/news/six-new-eu-ai-model-training-hubs-named-focused-on-eastern-europe/,,,2025-10-10T14:31:00+00:00,,,Utenriks,Utenriks,1.6427001124780332,47,False,,,,html-enriched,EURACTIV,https://www.euractiv.com/,"Up to now 'AI Factory' sites have rarely included former Eastern bloc Communist countries – but Czechia, Lithuania, Poland, and Romania are among the new sites","Six new EU AI model training hubs named, focused on Eastern Europe | Euractiv",
,Teknologi,,FI,-12.717147303235237,,,,,en,0.9999999997773888,en,agree,https://www.dailyfinland.fi/worldwide/45661/Lebanese-security-forces-uncover-Israeli-linked-spy-network,,,,,,,Økonomi,1.4137499999999998,60,False,,,,html-enriched,Daily Finland (EN),https://www.dailyfinland.fi/,"Lebanese security authorities announced Friday that they have dismantled a spy network operating on behalf of Israel, which was reportedly",Lebanese security forces uncover Israeli-linked spy network,
,Teknologi,,EU,-15.01639589844169,,,,,en,0.9999999529785004,en,agree,https://www.politico.eu/article/hybrid-warfare-or-more-of-the-same-getting-a-grip-on-drones-across-europe/,,,2025-10-09T02:24:00Z,,,Utenriks,Utenriks,1.2409275337019932,67,False,,,,html,Politico Europe,https://www.politico.eu/,"UAV incursions have been happening for years, but they’ve suddenly become a major emergency.",‘Hybrid warfare’ or more of the same? Getting a grip on drones across Europe.,
,Teknologi,,IE,-26.514423094100245,,,,,en,0.9999999999986092,en,agree,https://www.independent.ie/regionals/waterford/news/irish-designers-to-take-spotlight-at-network-ireland-waterfords-charity-fashion-gala/a617170155.html,,,2025-10-10T07:20:00+02:00,,,,Økonomi,1.4019343320422533,99,False,,,,sitemap,Irish Independent,https://www.independent.ie/,"Glamour and elegance will take centre stage this October as Network Ireland Waterford is to host their inaugural fashion event and ladies charity gala dinner, in collaboration with the Council for Irish Fashion Designers.",Irish designers to take spotlight at Network Ireland Waterford’s charity fashion gala,
,Teknologi,,AT,-28.91437498311041,,,,,en,0.9999999997658916,en,agree,https://apnews.com/video/at-least-5-dead-in-large-scale-nighttime-russian-strike-on-ukraine-94aa3a9d6f5740a3ba1e422dee78ce97,,,2025-10-05T16:24:01.529Z,,,,Økonomi,1.258387721302204,104,False,,,,sitemap,AP News – Austria hub,https://apnews.com/hub/austria,"At least five civilians died after Russia launched drones, missiles and guided aerial bombs at Ukraine overnight into Sunday, in a major nighttime attack that officials there said targeted civilian infrastructure.",At least 5 dead in large-scale nighttime Russian strike on Ukraine,
,Teknologi,,GB,-32.02042513991496,,,,,en,0.999999941507499,en,agree,https://www.bbc.co.uk/news/articles/c89d9vp1djyo,,,2025-10-11T07:50:28.215000+00:00,,,,Økonomi,1.4983704564461404,111,False,,,,html-enriched,BBC News – Top stories,https://www.bbc.co.uk/news,"Heavy rainfall has caused river banks to burst and triggered landslides, carrying away homes and cars.",Mexico floods leave at least 27 dead and more missing - BBC News,
,Teknologi,,GB,-35.41011303447988,,,,,en,0.9999967405108954,en,agree,https://www.bbc.co.uk/news/articles/c5y454g2791o,,,2025-10-10T05:24:03.702000+00:00,,,,Økonomi,1.3832671845417983,118,False,,,,html-enriched,BBC News – Top stories,https://www.bbc.co.uk/news,The council says better use of data could stop up to 256 families being made homeless each year.,Somerset spending £1.56m on AI for 'radical rethink' - BBC News,
,Teknologi,,EE,-38.38626051992885,,,,,en,0.9999999999999956,en,agree,https://news.err.ee/1609826313/ivo-visak-doing-nothing-is-not-a-strategy,,,2025-10-10T17:02:00+0300,,,,Økonomi,1.4579768326329137,125,False,,,,html,ERR News (EN),https://news.err.ee/,"Students are using AI anyway and schools must guide that use with clear rules — whether through restrictions or permissions. Pedagogy and technology must be intertwined in a way that keeps the human in charge, not the other way around, writes Ivo Visak.",Ivo Visak: Doing nothing is not a strategy,
,Teknologi,,FR,-45.00535470705195,,,,,en,1.0,da,langid_confident,https://www.lemonde.fr/afrique/article/2025/10/11/soudan-au-moins-30-morts-dans-une-frappe-de-drone-sur-un-centre-de-deplaces-a-el-fasher-selon-une-organisation-locale_6645757_3212.html,,,2025-10-11T11:36:25+02:00,,,,Økonomi,1.4391483835077348,138,False,,,,sitemap,Le Monde (EN),https://www.lemonde.fr/en/,"El-Fasher est la dernière grande ville de la vaste région du Darfour qui échappe encore au contrôle total des Forces de soutien rapide, en guerre contre l’armée soudanaise depuis avril 2023.","Soudan : au moins 60 morts à cause d’une frappe de drone sur un centre de déplacés à El-Fasher, selon une organisation locale",
,Teknologi,,AL,-51.39184078347372,,,,,en,0.9999958117042136,en,agree,https://www.tiranatimes.com/a-phone-call-not-every-writer-wants-2/,,,2024-07-03T10:36:47+00:00,,,,Økonomi,1.067679032148759,150,False,,,,html-enriched,Tirana Times,https://www.tiranatimes.com/,By Kristoffer Leandoer,A phone call not every writer wants - Tirana Times,
,Teknologi,,EE,-54.93464303950909,,,,,en,1.0,en,agree,https://estonianworld.com/technology/almost-half-of-estonians-use-ai/,,,2025-10-01T01:10:50+00:00,,,,Økonomi,1.676424288224072,157,False,,,,html-enriched,Estonian World (EN),https://estonianworld.com/,"According to a recent internet use and digital skills survey, 564,800 households in Estonia – 95% of all households – have an internet connection; nearly half of the internet users in Estonia have used artificial intelligence solutions to write text, search for answers to their questions or to create content.",Almost half of Estonians use AI,
,Teknologi,,NL,-58.0071725209332,,,,,en,1.0,en,agree,https://www.dutchnews.nl/2025/10/sweep-nets-dozens-of-kilos-of-illegally-picked-mushrooms/,,,2025-10-06T08:45:10+00:00,,,,Økonomi,2.158783268576161,163,False,,,,html-enriched,DutchNews.nl,https://www.dutchnews.nl/,"A sweep of the Utrechtse Heuvelrug by a team of wardens, environmental police officers and volunteers resulted in the seizure of 36.5 kilos of illegally picked mushrooms. The 21-person strong team caught one person with a shopping bag containing 13 kilos and another who had 14 kilos in his car. Others were found with smaller amounts ranging from 200 grammes to three kilos. “We were shocked by what we found. It’s absurd that food that is keeping animals alive is...",Sweep nets dozens of kilos of illegally picked mushrooms - DutchNews.nl,
,USA,,BE,-8.662964367343674,,,,,en,0.9999974531940778,en,agree,https://brusselsmorning.com/live-news/us-politics-live-news-updates/,,,,,,,Politikk,1.45875,48,False,,,,html-enriched,Brussels Morning (EN),https://brusselsmorning.com/,California Governor Urges Direct Tariff Negotiations Amid U.S. Trade War ImpactCalifornia Governor Gavin Newsom is calling on global trading partners to byp,US Politics - Live Updates - The Brussels Morning Newspaper,
,USA,,AT,-11.052147303235238,,,,,en,0.99999999999885,en,agree,https://apnews.com/video/judge-tosses-out-drakes-defamation-lawsuit-against-label-over-kendrick-lamars-not-like-us-46c01c8e5f9c4a0fa71b8a9378633434,,,2025-10-09T23:49:31.848Z,,,Meninger,Meninger,1.4035108633250846,56,False,,,,sitemap,AP News – Austria hub,https://apnews.com/hub/austria,A defamation lawsuit that Drake brought against Universal Music Group was tossed out Thursday by a federal judge who said lyrics branding the superstar as a pedophile in Kendrick Lamar's dis track “Not Like Us” were opinion.,Judge tosses out Drake's defamation lawsuit against label over Kendrick Lamar's 'Not Like Us',
,USA,,DK,-15.1914788032894,,,,,da,0.9999999999895272,da,agree,https://nyheder.tv2.dk/udland/2025-10-10-trump-overvejer-at-bruge-isbjoerne-i-groenland-til-at-fremme-strategiske-maal,,,2025-10-11T04:07:09.158000+00:00,,,Underholdning,Underholdning,1.5706744627082985,68,False,,,,html-enriched,TV 2 Nyheder (DA),https://nyheder.tv2.dk/,"Tiltaget kan meget vel være en del af den amerikanske påvirkningskampagne i Grønland, vurderer ekspert.","Trump overvejer at bruge isbjørne i Grønland til at fremme ""strategiske mål"" - TV 2",
,USA,,US,-22.26692309410025,,,,,en,1.0,en,agree,https://www.illyria.com/our-hearts-ache-for-kosova/,,,2025-09-10T19:42:44+00:00,,,Politikk,Politikk,1.9276806818973664,87,False,,,,html-enriched,Illyria (EN),https://www.illyria.com/english/,"A valuable meeting with Acting Prime Minister Albin Kurti - By Agim Aliçkaj At this meeting, on behalf of the legendary leaders of the Albanian American Civic League Joe DioGuardi and Shirley Cloyes DioGuardi, as well as the League’s Board, I conveyed the warmest greetings and unwavering support for the building and strengthening ofRuben Avxhiu - A valuable meeting with Acting Prime Minister Albin Kurti - By Agim Aliçkaj At this meeting, on behalf of the legendary leaders of the Albanian American Civic League Joe DioGuardi and Shirley Cloyes DioGuardi, as well as the League’s Board, I conveyed the warmest greetings and unwavering support for the building and strengthening of",OUR HEARTS ACHE FOR KOSOVA - ILLYRIA,
,USA,,FR,-24.62937498311041,,,,,en,1.0,en,agree,https://www.mediapart.fr/en/journal/international/071025/former-israeli-pm-ehud-barak-why-there-no-other-solution-two-states,,,2025-10-07T19:33:08+02:00,,,Politikk,Politikk,1.981202349721468,94,False,,,,html,Mediapart (EN),https://www.mediapart.fr/en,"In an interview with Mediapart, former Israeli prime minister and ex-chief of general staff of the country's military, Ehud Barak, details his view of the so-called Trump plan for an end to the war in Gaza, argues why Benjamin Netanyahu must go, why both sides in the conflict must compromise, and why the only conclusion to the Israeli-Palestinian conflict lies in a two-state solution.",Former Israeli PM Ehud Barak on why 'there is no other solution but two states',
,USA,,IE,-51.79581591201527,,,,,en,0.9999979517699672,en,agree,https://www.independent.ie/world-news/netanyahu-should-be-very-popular-donald-trump/a1037856138.html,,,2025-10-10T11:05:47+02:00,,,Politikk,Politikk,0.9407538475688284,151,False,,,,sitemap,Irish Independent,https://www.independent.ie/,President Donald Trump expressed confidence Thursday in Israeli Prime Minister Benjamin Netanyahu’s political future.,Netanyahu should be very popular - Donald Trump,
,USA,,GB,-60.62098510765051,,,,,en,0.999999861672811,en,agree,https://www.bbc.co.uk/news/live/cder1pg17yrt,,,2025-10-11T04:30:32+00:00,,,,Politikk,1.6182262884735688,167,False,,,,html-enriched,BBC News – Top stories,https://www.bbc.co.uk/news,"US Special Envoy Witkoff says Trump is ""owed deep gratitude"", while Hamas recalls fighters to reassert control over Gaza.",Huge rally in Tel Aviv as Israelis praise Trump for securing ceasefire and hostage deal - BBC News,
,USA,,AL,-79.99225099390857,,,,,en,0.99999992329274,en,agree,https://www.tiranatimes.com/ramas-trump-joke-overshadows-copenhagen-summit/,,,2025-10-02T21:55:56+00:00,,,Politikk,Politikk,1.4867653149722422,195,False,,,,html-enriched,Tirana Times,https://www.tiranatimes.com/,"Tirana, Albania (Tirana Times). Prime Minister Edi Rama’s attempt at humor during a European summit turned into a viral spectacle on Thursday, overshadowing",Rama’s Trump Joke Overshadows Copenhagen Summit - Tirana Times,
,USA,,SE,-105.80506435996658,,,,,sv,1.0,sv,agree,https://omni.se/expert-strafftullar-skulle-krascha-ryska-ekonomin/a/zAdXzw,,,2025-10-11T13:57:07+00:00,,,,Økonomi,1.890131422945656,227,False,,,,html-enriched,Omni (SE),https://omni.se/,"Omvärldens sanktioner har inte stoppat Ryssland från att fortsätta krigföringen i Ukraina. Men det sanktionspaket som föreslagits i USA, som går ut på att straffa alla länder som köper rysk energi med 500-procentiga tullar, skulle få märkbar effekt.",Expert: Strafftullar skulle krascha ryska ekonomin,
,USA,,NL,-135.7180224770645,,,,,en,1.0,en,agree,https://www.dutchnews.nl/2025/10/us-senate-confirms-joe-popolo-as-new-ambassador-to-nl/,,,2025-10-09T08:03:21+00:00,,,Politikk,Politikk,2.157396422477385,258,False,,,,html-enriched,DutchNews.nl,https://www.dutchnews.nl/,"The United States Senate has approved Joe Popolo as the new US ambassador to the Netherlands. He will formally take up the post once he has presented his credentials to King Willem-Alexander, which the embassy said is expected to happen later this month. Popolo was nominated by former president Donald Trump in early January, who described him as “a successful businessman and philanthropist”. According to American media, Popolo made an $800,000 donation to Trump’s election campaign last year, and gave...",US Senate confirms Joe Popolo as new ambassador to NL - DutchNews.nl,
,USA,,,-150.32865933067535,,,,,,0.999999999870394,no,langid_confident,https://www.nrk.no/urix/trump-om-nobels-fredspris-1.17607341,,,2025-10-11T04:11:10+02:00,,,,Økonomi,0.9832651544953818,270,False,,,,sitemap,NRK – Toppsaker,https://www.nrk.no/,"Donald Trump hevder at årets fredsprisvinner, María Corina Machado, ringte ham for å si at hun vil motta prisen til «ære for ham».",Trump om fredsprisen: – Til «ære for meg»,
,USA,,FI,-176.2943451570893,,,,,en,1.0,en,agree,https://www.helsinkitimes.fi/columns/columns/viewpoint/28080-will-trump-punish-norway-for-missing-the-nobel-prize.html,,,2025-10-09T12:43:17+00:00,,,,Økonomi,2.17254489457268,287,False,,,,html-enriched,Helsinki Times (EN),https://www.helsinkitimes.fi/,"That Trump considers himself entitled to and actively lobbies for the Peace Prize is obvious. That he would get it is still hard to believe. How will he react when he does not get it? This question has been discussed in Norway ahead of October 10, when this year's Peace Prize will be announced. As is well known, Trump has difficulty tacitly accepting setbacks. Will he resort to punitive tariffs, or will he start hinting about Svalbard or the island of Jan Mayen near Greenland? As a minimum, he can put...",Will Trump punish Norway for missing the Nobel Prize? - Helsinki Times,
,USA,,PL,-180.98268226437605,,,,,en,1.0,en,agree,https://notesfrompoland.com/donations/support-us-2/,,,,,,Økonomi,Økonomi,1.8875,289,False,,,,html-enriched,Notes from Poland,https://notesfrompoland.com/,"Notes from Polandis run by a small editorial team and published by an independent, non-profit foundation that is funded through donations from our readers. We can’t do what we do without your support. Every donation helps us to create new content – from breaking news stories to deeper insight pieces. By supporting our work, you’ll be part of our mission to bring the full picture on Poland to the world. Thank you!",Support us | Notes From Poland,
,USA,,EU,-195.9512839057288,,,,,en,0.9999999947050522,en,agree,https://www.euronews.com/business/2025/10/10/us-watchdog-probes-self-driving-tesla-cars-in-blow-to-elon-musk,,,2025-10-10T12:07:20+00:00,,,Teknologi,Teknologi,1.569402138099501,297,False,,,,html-enriched,Euronews (EN),https://www.euronews.com/,"Tesla crashes and reports of reckless autonomous driving have triggered a fresh inquiry in the US, piling pressure on Musk’s robotaxi push.",US watchdog probes self-driving Tesla cars in blow to Elon Musk | Euronews,
,USA,,EE,-203.55949804634056,,,,,en,0.9999999999843572,en,agree,https://estonianworld.com/security/senate-confirms-roman-pipko-as-the-new-us-ambassador-to-estonia/,,,2025-10-08T13:44:00+00:00,,,Politikk,Politikk,1.5112319785370152,301,False,,,,html-enriched,Estonian World (EN),https://estonianworld.com/,"The US Senate has confirmed the Estonian-born US lawyer, Roman Pipko, as the new ambassador to Estonia; president Donald Trump nominated him in January 2025.",Senate confirms Roman Pipko as the new US ambassador to Estonia,
,USA,,EU,-260.8069637449281,,,,,en,0.9999999999950172,en,agree,https://www.euractiv.com/news/interview-eu-alignment-with-washington-on-china-a-surprise-says-us-ambassador/,,,2025-10-08T17:47:00+00:00,,,,Økonomi,1.6038131195691518,327,False,,,,html-enriched,EURACTIV,https://www.euractiv.com/,"Andrew Puzder said he thought he “would have to do more” to persuade EU officials to regard Beijing as a strategic, political, and economic ""adversary""","INTERVIEW: EU alignment with Washington on China a ‘surprise’, says US ambassador | Euractiv",
,Underholdning,,IE,1.2,,,,,en,1.0,en,agree,https://www.independent.ie/regionals/louth/drogheda-news/drogheda-streets-to-glow-with-myth-and-memory-as-lu-festival-of-light-returns-for-halloween/a495806786.html,,,2025-10-10T05:00:00+02:00,,,Teknologi,Teknologi,1.846738749917798,2,False,,,,sitemap,Irish Independent,https://www.independent.ie/,"For four shimmering nights each October, Drogheda becomes a storybook written in light. After dusk, familiar landmarks, St Peter’s, the Old Abbey, and St Laurence’s Gate, turn into canvases for gods and heroes, raven queens and river kings. Families gather on West Street with hot chocolates in mittened hands, little ones crane up at the bell tower, teenagers film on their phones, and grandparents nudge toward the best vantage points. This is Lú, Drogheda’s Festival of Light, our town reimagined as an open-air theatre where ancient tales flicker across stone.",Drogheda streets to glow with myth and memory as Lú Festival of light returns for Halloween,
,Underholdning,,US,-1.6467166200173746,,,,,en,1.0,en,agree,https://www.illyria.com/interesting-facts-about-albanian-film-festival-fan-noli-2025/,,,2025-06-17T14:50:15+00:00,,,Kultur,Kultur,2.1382166009631454,20,False,,,,html-enriched,Illyria (EN),https://www.illyria.com/english/,"Rafaela Prifti The 2025 Albanian Film Festival Fan Noli is showing high-quality movies and other genres at the historic seat of the Albanian Orthodox Church in America, Saint George Cathedral, Boston, this weekend Fan Noli Cultural Center&Library. Studio 90 productions of Bujar Alimani and the Fan Noli Cultural Center&Library team have been refining every detail forRuben Avxhiu Rafaela Prifti The 2025 Albanian Film Festival Fan Noli is showing high-quality movies and other genres at the historic seat of the Albanian Orthodox Church in America, Saint George Cathedral, Boston, this weekend Fan Noli Cultural Center&Library. Studio 90 productions of Bujar Alimani and the Fan Noli Cultural Center&Library team have been refining every detail for",Interesting Facts about Albanian Film Festival Fan Noli 2025 - ILLYRIA,
,Underholdning,,,-3.378375633210796,,,,,,0.9999995395148598,no,agree,https://www.nrk.no/viten/,,,2013-07-01T08:09:28+00:00,,,Vitenskap,Vitenskap,0.8000185781003329,28,False,,,,html-enriched,NRK – Viten,https://www.nrk.no/viten/,Nyheter og TV om forskning og ny vitenskap. Se og diskuter NRKs forskningsstoff.,NRK Viten – Nyheter innen vitenskap og forskning,
,Underholdning,,AT,-7.212462237597861,,,,,en,0.9999981339607346,en,agree,https://apnews.com/video/knives-out-stars-open-london-film-festival-14929041129945ddbbf26103454dbb17,,,2025-10-08T18:38:35.332Z,,,Kultur,Kultur,0.9666141842369016,45,False,,,,sitemap,AP News – Austria hub,https://apnews.com/hub/austria,"Daniel Craig and the superstar ensemble cast of ""Wake Up Dead Man: A Knives Out Mystery"" opened the London Film Festival Wednesday night. (Oct. 8)",'Knives Out' stars open London Film Festival,
,Underholdning,,DK,-9.400464367343671,,,,,da,0.999999999871973,da,agree,https://nyheder.tv2.dk/samfund/2025-10-09-forskning-i-gaer-kan-hjaelpe-med-at-bekaempe-sygdomme-viser-dansk-indisk-studie,,,2025-10-11T14:17:02.910000+00:00,,,Vitenskap,Vitenskap,1.6689215571664715,52,False,,,,html-enriched,TV 2 Nyheder (DA),https://nyheder.tv2.dk/,"Studiet afslører, hvordan generne i gær sammen kan ændre celler, mener forskerne.","Forskning i gær kan hjælpe med at bekæmpe sygdomme, viser dansk-indisk studie - TV 2",
,Underholdning,,FR,-13.83889589844169,,,,,en,1.0,da,langid_confident,https://www.lemonde.fr/culture/article/2025/10/11/les-realisateurs-de-k-pop-demon-hunters-reviennent-sur-la-conception-de-leur-film-phenomene_6645758_3246.html,,,2025-10-11T12:00:08+02:00,,,Kultur,Kultur,1.4771522598414435,65,False,,,,sitemap,Le Monde (EN),https://www.lemonde.fr/en/,"De passage à Paris, Maggie Kang et Chris Appelhans souhaitaient injecter dans leur film d’animation centré sur la pop music d’authentiques éléments de la culture pop et traditionnelle de la Corée du Sud.",Les réalisateurs de « K-pop Demon Hunters » reviennent sur la conception de leur film phénomène,
,Underholdning,,,-16.473978803289402,,,,,,0.9999999999964082,no,agree,https://www.nrk.no/kultur/_-arets-kanskje-heteste-spill-_-pa-flere-mater-enn-en-1.17606457,,,2025-10-10T10:52:44+00:00,,,Kultur,Kultur,1.482286642298979,72,False,,,,html-enriched,NRK – Kultur,https://www.nrk.no/kultur/,"«Hades II» er ren spillkos av skyhøy kvalitet, mener vår spillkritiker Rune Fjeld Olsen.",– Årets kanskje heteste spill – på flere måter enn én – NRK Kultur og underholdning,
,Underholdning,,DK,-18.6744673622666,,,,,da,0.999998383878176,da,langid_confident,https://nyheder.tv2.dk/udland/2025-10-08-norsk-radiokanal-spiller-kun-ai-musik-efter-strid-om-rettighedspenge,,,2025-10-11T04:27:58.224000+00:00,,,Teknologi,Teknologi,1.4741909922641483,79,False,,,,html-enriched,TV 2 Nyheder (DA),https://nyheder.tv2.dk/,"Musikken skabes i et AI-program, og redaktøren skriver selv tekst og melodi.",Norsk radiokanal spiller kun AI-musik efter strid om rettighedspenge - TV 2,
,Underholdning,,,-24.081923094100244,,,,,,0.9999999501049376,no,agree,https://www.nrk.no/sport/,,,2012-12-31T18:35:26+00:00,,,,Økonomi,0.947517855357244,92,False,,,,html-enriched,NRK – Toppsaker,https://www.nrk.no/,"Resultatservice, nyheter, videoer og sendeplan for sport i radio og TV. Oppdater deg på sportsnyheter fra inn- og utland på NRK Sport.","NRK Sport – Sportsnyheter, resultater og sendeplan",
,Underholdning,,EU,-34.03511303447988,,,,,en,0.9999984239705476,en,agree,https://www.euronews.com/culture/culture-news,,,2025-10-08T06:43:34+00:00,,,Kultur,Kultur,1.1442213610218803,115,False,,,,html-enriched,Euronews (EN),https://www.euronews.com/,"The latest news, information and events from the worlds of art, film, music, literature and entertainment.",News | Culture | Euronews,
,Underholdning,,,-36.86876051992884,,,,,,1.0,no,agree,https://www.nrk.no/nyheter/_blucher_-arets-mest-sette-film-_-etter-bare-to-uker-1.17606971,,,2025-10-10T14:55:25+00:00,,,,Økonomi,2.208543213250882,121,False,,,,html-enriched,NRK – Kultur,https://www.nrk.no/kultur/,"Krigsfilmen «Blücher» er sett av nesten 200.000 kinogjengere på to uker. Dermed passerer den «Affeksjonsverdi» som den mest sette kinofilmen i år. Totalt er det solgt 197.212 billetter til «Blücher», filmen om det tyske krigsskipet som ble senket i Drøbaksundet 9. april 1940. Filmen hadde premiere på norske kinoer 26. september og hadde den best besøkte premierehelgen for en norsk film siden 2021. (NTB)",«Blücher» årets mest sette film – etter bare to uker – Siste nytt – NRK,
,Underholdning,,AT,-43.532854707051946,,,,,en,0.99999999999974,en,agree,https://apnews.com/video/ron-shelton-and-cast-bring-bull-durham-to-life-in-a-new-stage-musical-bc1cf7f4f16843c0a6a1717d9514f92a,,,2025-10-10T08:19:31.651Z,,,,Økonomi,1.2946323209638184,135,False,,,,sitemap,AP News – Austria hub,https://apnews.com/hub/austria,"Ahead of its stage debut, writer Ron Shelton and the cast explore how ‘""Bull Durham"" evolved from screen to stage, keeping the spirit of the beloved baseball film alive in a bold, new musical format.",Ron Shelton and cast bring ‘Bull Durham’ to life in a new stage musical,
,Underholdning,,AT,-53.25214303950909,,,,,en,0.9999999815574288,en,agree,https://apnews.com/video/allison-janney-calls-bradley-whitford-playing-her-husband-on-the-diplomat-heaven-c30589534f594cfcb7348138ecbf0ab0,,,2025-10-08T18:39:33.949Z,,,,Økonomi,1.2341199519971382,153,False,,,,sitemap,AP News – Austria hub,https://apnews.com/hub/austria,"Allison Janney and Bradley Whitford play husband and wife on season 3 of Netflix's ""The Diplomat."" They were also on the cast of ""The West Wing"" together. (Oct. 8)",Allison Janney calls Bradley Whitford playing her husband on 'The Diplomat' 'heaven',
,Underholdning,,DK,-62.77704281128838,,,,,da,0.9999999999915068,da,agree,https://nyheder.tv2.dk/udland/2025-10-10-genopbygget-paa-rekordtid-men-butjas-boern-kaster-stadig-op-af-frygt,,,2025-10-11T15:09:27.087000+00:00,,,,Økonomi,1.7952491651020794,170,False,,,,html-enriched,TV 2 Nyheder (DA),https://nyheder.tv2.dk/,"Milliardstore donationer har sikret en meget hurtig genopbygning, men Butja bærer stadig på traumerne fra den russiske besættelse.",Genopbygget på rekordtid – men Butjas børn kaster stadig op af frygt - TV 2,
,Underholdning,,PL,-70.00598510765052,,,,,en,0.99999760048305,en,agree,"https://www.polskieradio.pl/395/7991/artykul/3591040,scottish-polish-film-club-celebrated-prestigious-uk-award",,,,,,,Økonomi,1.33625,181,False,,,,html-enriched,Polskie Radio – English,"https://www.polskieradio.pl/395,english-section",A Polish film collective has claimed a distinguished win in the UK.,Scottish Polish film club celebrated prestigious UK award - English Section,
,Underholdning,,DK,-120.52006435996658,,,,,da,0.999999992693797,da,agree,https://nyheder.tv2.dk/udland/2025-10-11-det-ved-vi-og-det-mangler-vi-svar-paa-om-trumps-fredsaftale-i-gaza,,,2025-10-11T17:07:56.584000+00:00,,,,Økonomi,1.7930582513709732,242,False,,,,html-enriched,TV 2 Nyheder (DA),https://nyheder.tv2.dk/,"Et af de helt store spørgsmål er, hvem der skal overtage styring af Gaza fra Hamas.","Det ved vi, og det mangler vi svar på om Trumps fredsaftale i Gaza - TV 2",
,Utenriks,,IE,-1.9467166200173749,,,,,en,1.0,en,agree,https://www.independent.ie/videos/thomas-tuchel-feels-atmosphere-did-not-match-englands-performance/a1442730079.html,,,2025-10-10T07:33:20+02:00,,,,Økonomi,1.7622073599282728,22,False,,,,sitemap,Irish Independent,https://www.independent.ie/,"Thomas Tuchel felt England’s players deserved more support against Wales as he took aim at the “silent” Wembley crowd following Thursday’s 3-0 friendly win. A packed house watched the Euro 2024 runners-up carry on where they left off in Serbia last month, with Morgan Rogers opening his international account just 130 seconds into the game. Ollie Watkins put England further ahead and Bukayo Saka brilliantly added a third in the 20th minute, but Wales avoided further humiliation and Tuchel expressed frustration with the Wembley faithful.",Thomas Tuchel feels atmosphere did not match England's performance,
,Utenriks,,,-8.759962237597861,,,,,,1.0,no,agree,https://www.nrk.no/nyheter/nrk-vant-pris-under-prix-europa-1.17607285,,,2025-10-10T20:42:48+00:00,,,,Økonomi,1.759752104404498,49,False,,,,html-enriched,NRK – Kultur,https://www.nrk.no/kultur/,NRK vant pris for beste digitale medieprosjekt i 2025 under Prix Europa fredag kveld. Prosjektet Darcula Exposed avslører flere av bakmennene bak en global meldingssvindel og var et samarbeid med den franske avisen Le Monde og de tyske allmennkringkasterne ARD og BR.,NRK vant pris under Prix Europa – Siste nytt – NRK,
,Utenriks,,GB,-10.662964367343674,,,,,en,0.9999999635084472,en,agree,https://www.bbc.co.uk/sport/cricket/articles/cqxz5dre3gdo,,,2025-10-10T16:46:01.624000+00:00,,,,Økonomi,1.59015865788211,55,False,,,,html-enriched,BBC News – Top stories,https://www.bbc.co.uk/news,New Zealand survive a top-order collapse to beat Bangladesh by 100 runs in Guwahati and pick up their first win of the Women's World Cup,Women's World Cup 2025: New Zealand beat Bangladesh for first win - BBC Sport,
,Utenriks,,FI,-13.312147303235236,,,,,en,1.0,en,agree,https://www.instagram.com/p/DPb571UiJSZ/,,,,,,,Økonomi,1.55625,63,False,,,,html-enriched,Helsinki Times (EN),https://www.helsinkitimes.fi/,"32K likes, 487 comments - globalsumudflotilla on October 5, 2025: ""Abductees on hunger strike! In Gaza, starvation is not a tragedy - it’s a policy. Since October 2023, Israel has pursued a campaign of total starvation: cutting off food, water, electricity and fuel, while targeting the fields, farmers and aid convoys that keep people alive. As famine spreads and 95% of farmland lies destroyed, dozens of Global Sumud Flotilla volunteers remain imprisoned — refusing to be fed by the same regime enforcing starvation on Palestinians. Non-violence is not passivity. It is the courage to risk one’s body to confront injustice — the same spirit carried by Khader Adnan and generations of Palestinian hunger strikers. #GlobalSumudFlotilla #FreePalestine #StopStarvingGaza #CollectiveLiberation"".",Instagram,
,Utenriks,,US,-15.59639589844169,,,,,en,1.0,en,agree,https://www.illyria.com/conversation-with-ledia-xhoga-author-of-misinterpretation-longlisted-for-the-booker-prize-2025/,,,2025-09-22T16:10:22+00:00,,,,Økonomi,2.2043325841560444,69,False,,,,html-enriched,Illyria (EN),https://www.illyria.com/english/,Interviewer Rafaela Prifti Congratulations on the nomination! You are the first Albanian-born female novelist longlisted for the Booker Prize. What jumps to mind instantly is Ismail Kadare’s winning the first Man Booker International Prize in 2005 (now International Booker Prize) - an award that honored his entire body of work. What is it like toRuben Avxhiu Interviewer Rafaela Prifti Congratulations on the nomination! You are the first Albanian-born female novelist longlisted for the Booker Prize. What jumps to mind instantly is Ismail Kadare’s winning the first Man Booker International Prize in 2005 (now International Booker Prize) - an award that honored his entire body of work. What is it like to,"Conversation with Ledia Xhoga, author of Misinterpretation, longlisted for the Booker Prize 2025 - ILLYRIA",
,Utenriks,,AL,-26.376923094100245,,,,,en,0.9999999997424932,en,agree,https://www.tiranatimes.com/give-me-a-laboratory-and-i-will-move-the-world/,,,2024-09-12T12:46:41+00:00,,,,Økonomi,1.4839613045171525,98,False,,,,html-enriched,Tirana Times,https://www.tiranatimes.com/,"It was French philosopher, anthropologist, and sociologist Bruno Latour who came up with the gripping title you read above. I came across Latour’s work some",“Give me a Laboratory and I Will Move the World” - Tirana Times,
,Utenriks,,PL,-29.359374983110406,,,,,en,0.9999944267342749,en,agree,https://notesfrompoland.com/category/education/,,,,,,,Økonomi,0.91875,105,False,,,,html-enriched,Notes from Poland,https://notesfrompoland.com/,"Over 1,000 documents were issued to people from Africa, Asia, Latin America and Eastern Europe.",Education | Notes From Poland,
,Utenriks,,AT,-37.59376051992884,,,,,en,0.9999999999790232,en,agree,https://apnews.com/video/the-worlds-driest-desert-blooms-into-a-rare-fleeting-flower-show-0dbf646493de4d11a664d7c50ceb5a81,,,2025-10-08T14:24:32.263Z,,,,Økonomi,1.112694601906281,123,False,,,,sitemap,AP News – Austria hub,https://apnews.com/hub/austria,A rare bloom in Chile’s Atacama desert has briefly transformed one of the world’s driest places into a dazzling carpet of fuchsia-colored wildflowers.,"The world's driest desert blooms into a rare, fleeting flower show",
,Utenriks,,PL,-41.084423579438514,,,,,en,0.99999999784604,en,agree,"https://www.polskieradio.pl/395/7791/artykul/3591522,chopin-chopin-premieres-as-lavish-biopic-of-legendary-composer",,,,,,,Økonomi,1.595,131,False,,,,html-enriched,Polskie Radio – English,"https://www.polskieradio.pl/395,english-section","A new Polish epic brings to life the story of Fryderyk Chopin - the world-renowned composer born in Poland - capturing his genius, fame, and fragile humanity.","'Chopin, Chopin!' premieres as lavish biopic of legendary composer - English Section",
,Utenriks,,AL,-66.47489633257064,,,,,en,0.9999999946205128,en,agree,https://www.tiranatimes.com/property-prices-on-albanian-coast-soar-partially-driven-by-foreign-buyers/,,,2024-05-29T12:01:51+00:00,,,,Økonomi,1.5726665312183117,176,False,,,,html-enriched,Tirana Times,https://www.tiranatimes.com/,"TIRANA, May 29, 2024 - Demand for coastal properties in Albania has surged by 20-30 percent compared to last year, according to the Albanian Builders","Property prices on Albanian coast soar, partially driven by foreign buyers - Tirana Times",
,Utenriks,,EU,-72.5269764353263,,,,,en,0.9999956548896664,en,agree,https://www.politico.eu/article/great-centrist-crack-up/,,,2025-10-08T02:00:00Z,,,,Økonomi,0.8930386178913239,184,False,,,,html,Politico Europe,https://www.politico.eu/,Europe’s populists celebrate yet another bruising week for their centrist rivals.,The great centrist crack-up,
,Utenriks,,FR,-75.98709037579926,,,,,en,1.0,en,langid_confident,https://www.lemonde.fr/planete/article/2025/10/11/les-papillons-et-les-abeilles-sauvages-toujours-plus-menaces-en-europe_6645749_3244.html,,,2025-10-11T11:00:11+02:00,,,,Økonomi,1.3213967812097842,189,False,,,,sitemap,Le Monde (EN),https://www.lemonde.fr/en/,"Plusieurs dizaines de nouvelles espèces risquent la disparition, selon l’Union internationale pour la conservation de la nature, qui vient de mettre à jour sa liste rouge.",Les papillons et les abeilles sauvages toujours plus menacés en Europe,
,Utenriks,,EE,-79.52059463063392,,,,,en,0.9999999999999616,en,agree,https://news.err.ee/1609826916/live-on-err-estonia-v-italy-in-world-cup-qualifier-on-saturday-evening,,,2025-10-11T11:33:00+0300,,,,Økonomi,1.5522955057115284,194,False,,,,html,ERR News (EN),https://news.err.ee/,Estonia are in World Cup 2026 qualifying action on Saturday against Italy at the A. Le Coq Arena. Watch the game live from 9.30 p.m. on ETV2 or by following the links in this article.,Live on ERR: Estonia v Italy in World Cup qualifier on Saturday evening,
,Utenriks,,NL,-92.85280120962943,,,,,en,1.0,en,agree,https://www.dutchnews.nl/2025/10/memphis-dropped-for-world-cup-qualifier-after-losing-passport/,,,2025-10-07T10:07:14+00:00,,,,Økonomi,2.1935751918790363,213,False,,,,html-enriched,DutchNews.nl,https://www.dutchnews.nl/,"The Netherlands’ all-time leading men’s goalscorer, Memphis Depay, has been dropped from the starting line-up by Ronald Koeman for this week’s World Cup qualifier against Malta after losing his passport. Memphis flew in to Amsterdam a day late from Brazil, where he plays his club football for Corinthians, after he was unable to find the document on Sunday evening. The player later claimed it had been stolen. He went to the airport hoping to persuade border authorities to let him...",Memphis dropped for World Cup qualifier after losing passport - DutchNews.nl,
,Utenriks,,EE,-133.49760489111907,,,,,en,0.9999999999782286,en,agree,https://estonianworld.com/opinion/arvo-part-at-90-a-composer-of-unity-in-an-age-of-division/,,,2025-09-11T10:37:14+00:00,,,,Økonomi,1.4127353401599456,257,False,,,,html-enriched,Estonian World (EN),https://estonianworld.com/,"Arvo Pärt, Estonia’s most celebrated composer and one of the most widely performed living musicians in the world, turns 90 on 11 September.",Arvo Pärt at 90: a composer of unity in an age of division,
,Utenriks,,EU,-171.49609166928153,,,,,en,0.9999997691432644,en,agree,https://www.euronews.com/news/asia/north-korea,,,2025-09-02T09:33:30+00:00,,,,Økonomi,1.358359186888389,283,False,,,,html-enriched,Euronews (EN),https://www.euronews.com/,Find all national and international information about north-korea. Select the subjects you want to know more about on euronews.com,Find all the latest news about north-korea | euronews,
,Vitenskap,,EE,1.2000000000000002,,,,,en,1.0,en,agree,https://news.err.ee/1609826121/christian-veske-why-people-aren-t-having-kids-and-why-it-isn-t-an-existential-problem,,,2025-10-10T15:05:00+0300,,,,Økonomi,1.8593336061087649,1,False,,,,html,ERR News (EN),https://news.err.ee/,"In Estonia, population decline is almost always framed as a looming catastrophe, with each new study triggering warnings about national survival and a shortage of taxpayers and soldiers. But is a shrinking population only a problem or could it also be a chance to rethink what makes a good society, Christian Veske asks.",Christian Veske: Why people aren't having kids and why it isn't an existential problem,
,Vitenskap,,NL,-0.75,,,,,en,1.0,en,agree,https://www.dutchnews.nl/2025/10/climate-change-centre-exaggerated-own-role-to-win-donations/,,,2025-10-07T09:26:46+00:00,,,Utenriks,Utenriks,2.1934595617855823,16,False,,,,html-enriched,DutchNews.nl,https://www.dutchnews.nl/,"The Rotterdam-based climate change research facility Global Centre on Adaptation (GCA) has been accused of grossly exaggerating its role in major projects to win subsidies and donations, broadcaster NOS has claimed. The GCA told potential donors it had created 900,000 jobs, generated €25 billion in investments and improved the lives of 82.5 million people in Africa through its projects, when in reality most of the work and funding was provided by other organisations. The Dutch government is expected to announce...",Climate change centre “exaggerated own role to win donations” - DutchNews.nl,
,Vitenskap,,NL,-3.1467166200173744,,,,,en,1.0,en,agree,https://www.dutchnews.nl/2025/10/netherlands-rental-housing-fewer-flats/,,,2025-10-06T06:47:53+00:00,,,,Økonomi,2.183565584200418,27,False,,,,html-enriched,DutchNews.nl,https://www.dutchnews.nl/,"The number of rental homes in the Netherlands owned by private investors, including small landlords with one or two properties, fell by 3,000 last year, according to research by the national statistics agency CBS. In total, small landlords owned 22,000 fewer homes by the end of the year, while big investors such as pension funds increased their supply by 19,000 through new building and conversions. The CBS carried out the research on behalf of the housing ministry, which is monitoring...",Private rental property supply shrinks as sell-off continues - DutchNews.nl,
,Vitenskap,,AL,-4.633375633210796,,,,,en,0.9999999999566228,en,agree,https://www.tiranatimes.com/albania-faces-international-scrutiny-over-suspected-toxic-waste-trafficking/,,,2024-08-30T16:07:28+00:00,,,Utenriks,Utenriks,1.5952046314941302,33,False,,,,html-enriched,Tirana Times,https://www.tiranatimes.com/,"TIRANA, Aug. 30, 2024 - The discovery that 800 tons of industrial waste, suspected to contain hazardous toxic substances, were exported from Albania’s port of",Albania faces international scrutiny over suspected toxic waste trafficking - Tirana Times,
,Vitenskap,,EE,-7.114649699531195,,,,,en,0.999999999785734,en,agree,https://news.err.ee/1609826124/oecd-user-satisfaction-with-estonia-s-public-services-among-highest-in-eu,,,2025-10-11T09:29:00+0300,,,,Økonomi,1.5256531201123242,44,False,,,,html,ERR News (EN),https://news.err.ee/,"Estonians' satisfaction with public services is among the highest in the European Union, according to the Organization for Economic Cooperation and Development (OECD) study.",OECD: User satisfaction with Estonia's public services among highest in EU,
,Vitenskap,,NL,-8.97746223759786,,,,,en,1.0,en,agree,https://www.dutchnews.nl/2025/10/dutch-coast-struggles-under-tourism-boom-as-prices-soar/,,,2025-10-07T09:24:01+00:00,,,,Økonomi,2.155951756110454,50,False,,,,html-enriched,DutchNews.nl,https://www.dutchnews.nl/,"Tourism along the Dutch coast has surged by 39% in the past decade to almost 30 million overnight stays a year, driving up prices and making local businesses increasingly dependent on the summer season, according to new research by ABN Amro and the NBTC tourist board. More than 40% of all stays take place in the third quarter of the year, which includes the school summer holidays. And the pressure is growing as more foreign tourists and day-trippers head to...",Dutch coast struggles under tourism boom as prices soar - DutchNews.nl,
,Vitenskap,,NL,-11.602964367343674,,,,,en,1.0,en,agree,https://www.dutchnews.nl/2025/10/crack-use-rising-among-hard-drug-users-dutch-research-shows/,,,2025-10-08T08:18:19+00:00,,,,Økonomi,2.1921457074410573,59,False,,,,html-enriched,DutchNews.nl,https://www.dutchnews.nl/,"Crack cocaine use has risen sharply in the Netherlands over the past decade, replacing heroin as the most commonly used drug among people with serious addiction problems, according to new research by the Trimbos Institute and the Mainline Foundation. The study estimates that 27,900 people in the Netherlands currently use crack, compared with 13,300 who use opiates. While most opiate users (89%) also smoke crack, around 16,000 people use crack alone — and three-quarters of them have never regularly used...","Crack use rising among hard drug users, Dutch research shows - DutchNews.nl",
,Vitenskap,,EE,-16.27389589844169,,,,,en,0.9999999998555492,en,agree,https://news.err.ee/1609823784/study-turbines-audible-noise-bothering-locals-instead-of-infrasound,,,2025-10-09T13:58:00+0300,,,,Økonomi,1.387749510143284,71,False,,,,html,ERR News (EN),https://news.err.ee/,"A new review by University of Tartu researchers dispels fears that low-frequency infrasound from wind farms harms human health, noting audible noise is the real concern.",Study: Turbines' audible noise bothering locals instead of infrasound,
,Vitenskap,,FR,-19.3764788032894,,,,,en,1.0,da,langid_confident,https://www.lemonde.fr/culture/article/2025/10/11/darwin-express-les-nouveaux-defis-de-l-evolution-sur-arte-quand-les-especes-mettent-le-turbo-pour-s-adapter_6645781_3246.html,,,2025-10-11T18:00:11+02:00,,,,Økonomi,1.6180432884900866,82,False,,,,sitemap,Le Monde (EN),https://www.lemonde.fr/en/,"Diffusée dans le cadre d’une soirée spéciale consacrée à la Fête de la science, l’enquête d’Elena Sender et Luc Marescot s’intéresse aux mutations animales provoquées par les êtres humains.",A regarder ce soir : « Darwin express. Les nouveaux défis de l’évolution » sur Arte,
,Vitenskap,,EU,-22.4044673622666,,,,,en,0.9999999675818938,en,agree,https://www.euronews.com/health/2025/10/07/tango-dancing-painting-and-gaming-can-help-slow-brain-ageing-new-study-finds,,,2025-10-07T05:02:25+00:00,,,,Økonomi,1.627738238662816,88,False,,,,html-enriched,Euronews (EN),https://www.euronews.com/,"Using machine-learning “brain clocks"", researchers showed that creative engagement can preserve functional connectivity in brain regions most vulnerable to decline.","Tango dancing, painting and gaming can help slow brain ageing, new study finds | Euronews",
,Vitenskap,,EE,-25.085875412685468,,,,,en,0.9999999999998754,en,agree,https://estonianworld.com/knowledge/many-latam-students-can-apply-for-a-long-term-estonian-visa-in-their-home-countries/,,,2025-10-01T00:33:04+00:00,,,,Økonomi,1.710155797413166,97,False,,,,html-enriched,Estonian World (EN),https://estonianworld.com/,"Starting from 30 September, students from Argentina, Brazil, Colombia, Mexico and Chile can apply for a long-stay visa to study in Estonia more conveniently than before – right in their home countries.",Many LatAm students can apply for a long-term Estonian visa in their home countries,
,Vitenskap,,EE,-28.386923094100247,,,,,en,0.9999999972618928,en,agree,https://estonianworld.com/knowledge/estonian-scientist-triin-laisk-shortlisted-for-natures-inspiring-women-in-science-award/,,,2025-09-23T13:16:02+00:00,,,,Økonomi,1.5345400496012966,103,False,,,,html-enriched,Estonian World (EN),https://estonianworld.com/,Estonian geneticist Triin Laisk is the first Baltic scientist shortlisted for Nature’s prestigious Inspiring Women in Science award.,Estonian scientist Triin Laisk shortlisted for Nature’s Inspiring Women in Science award,
,Vitenskap,,FR,-30.876874983110405,,,,,en,1.0,en,langid_confident,https://www.lemonde.fr/critique-litteraire/article/2025/10/11/trois-livres-de-poche-conseilles-par-francois-angelier-les-fantomes-de-l-urss-de-javier-sebastian-alexei-ivanov-et-bernard-lecomte_6645786_5473203.html,,,2025-10-11T19:00:02+02:00,,,,Økonomi,1.337494104586769,108,False,,,,sitemap,Le Monde (EN),https://www.lemonde.fr/en/,Le journal des lectures en poche du journaliste.,"Trois livres de poche conseillés par François Angelier : les fantômes de l’URSS de Javier Sebastian, Alexeï Ivanov et Bernard Lecomte",
,Vitenskap,,EU,-37.84042513991496,,,,,en,0.9999999996838138,en,agree,https://www.euronews.com/next/2025/10/11/innoweek-2025-forum-in-uzbekistan-when-a-discovery-doesnt-stop-at-the-laboratory,,,2025-10-11T11:01:36+00:00,,,,Økonomi,1.7707980235652254,124,False,,,,html-enriched,Euronews (EN),https://www.euronews.com/,With more than 400 innovations and participants from about 30 countries this annual event has become a universal platform to exchange scientific progress.,InnoWeek 2025 forum in Uzbekistan: When a discovery doesn't stop at the laboratory | Euronews,
,Økonomi,,AL,0.9,,,,,en,1.0,en,agree,https://albaniandailynews.com/news/spak-seizes-5mln-euro-properties-of-aurel-hoxha-wanted-for-ordering-the-murder-of-klevis-leshi,,,,,,,Teknologi,1.81875,7,False,,,,html-enriched,Albanian Daily News,https://www.albaniandailynews.com/,"The Special Prosecution against Corruption (SPAK) seized this Thursdsy five million euro properties of Aurel Hoxha, owner of the 'Monopol' business in Tirana. He was declared wanted by this prosecution for ordering the murder of Klevis Lleshi. In a press statement, SPAK informed that seized three businesses, 7 apartments, 32 vehicles among those a Lamborghini and a Rolls Royce and 52 bank accounts.",Albanian Daily News,
,Økonomi,,EU,-0.6225,,,,,en,0.9999994813098708,en,agree,https://www.euronews.com/business/markets,,,2025-10-07T10:28:18+00:00,,,Utenriks,Utenriks,1.327385963512283,14,False,,,,html-enriched,Euronews (EN),https://www.euronews.com/,"Latest news from European and global financial markets. Comprehensive European markets coverage with breaking news, analysis and views. European investing, European personal finance, European Wealth Management. Currencies, commodities, Cryptocurrency.",Markets | Business | Euronews,
,Økonomi,,FI,-1.7467166200173745,,,,,en,1.0,en,agree,https://www.helsinkitimes.fi/finland/finland-news/domestic/28077-wolt-to-hire-couriers-as-employees-amid-criticism-over-labour-rights.html,,,2025-10-08T00:55:16+00:00,,,,Teknologi,2.221535495563283,21,False,,,,html-enriched,Helsinki Times (EN),https://www.helsinkitimes.fi/,"Delivery company Wolt will begin employing couriers in Finland for the first time, shifting from its long-standing contractor-only model. The company plans to recruit about 100 employee couriers by the end of the year while continuing to operate its existing freelance system for thousands of others. The pilot programme, announced on Monday, follows years of debate over employment conditions in the platform economy. Wolt said the initiative responds to the preferences of couriers who seek greater stabil...",Wolt to hire couriers as employees amid criticism over labour rights - Helsinki Times,
,Økonomi,,BE,-3.690875633210796,,,,,en,0.9999968769088612,en,agree,https://www.brusselstimes.com/opinions,,,,,,Utenriks,Utenriks,0.7687499999999999,29,False,,,,html-enriched,The Brussels Times (EN),https://www.brusselstimes.com/,"The Brussels Times - News and analysis on politics, Brussels, EU Affairs, business, world, national news, and more.",Opinions | The Brussels Times,
,Økonomi,,PL,-5.382149699531196,,,,,en,0.9999999892625154,en,agree,"https://www.polskieradio.pl/395/7786/artykul/3591725,polish-2024-gdp-growth-rate-revised-up-to-3",,,,,,,Teknologi,1.6025,37,False,,,,html-enriched,Polskie Radio – English,"https://www.polskieradio.pl/395,english-section","The Polish economy expanded by 3 percent last year, after growing 0.2 percent in 2023, the country’s statistics office said this week, revising upward its previous estimate for 2024 by 0.1 percentage point.",Polish 2024 GDP growth rate revised up to 3% - English Section,
,Økonomi,,PL,-7.31496223759786,,,,,en,0.9999972719743642,en,agree,https://notesfrompoland.com/category/editors-pick/,,,,,,,Teknologi,1.36875,46,False,,,,html-enriched,Notes from Poland,https://notesfrompoland.com/,"Business,Editor's pick,Energy & Climate,Insights,Podcast,Politics Alicja PtakPoland’s energy transition is being held back by its legacy as a major coal producer and political inaction.",Editor’s pick | Notes From Poland,
,Økonomi,,FR,-9.687964367343673,,,,,en,1.0,da,langid_confident,https://www.lemonde.fr/economie/article/2025/10/11/matieres-premieres-apres-de-fortes-turbulences-une-bouffee-d-oxygene-pour-le-poulet-de-plein-air_6645743_3234.html,,,2025-10-11T10:00:18+02:00,,,,Teknologi,1.510074265722558,53,False,,,,sitemap,Le Monde (EN),https://www.lemonde.fr/en/,"Après avoir souffert, ces dernières années, de l’envolée des cours du blé et de l’inflation, le gallinacé labellisé retrouve le chemin des assiettes, note dans sa chronique Laurence Girard, journaliste économique au « Monde ».","Matières premières : « Après de fortes turbulences, une bouffée d’oxygène pour le poulet de plein air »",
,Økonomi,,PL,-11.569647303235236,,,,,en,0.999999922031862,en,agree,"https://www.polskieradio.pl/395/7786/artykul/3591452,poland’s-modern-banks-face-capital-squeeze-limiting-bigticket-lending-—-expert",,,,,,,Teknologi,1.6425,58,False,,,,html-enriched,Polskie Radio – English,"https://www.polskieradio.pl/395,english-section","Poland’s banking system is technologically advanced but too small in capital to finance the economy’s rising investment needs, Euronews quoted a sector representative as saying.","Poland’s modern banks face capital squeeze, limiting big-ticket lending — expert - English Section",
,Økonomi,,NL,-16.5489788032894,,,,,en,1.0,en,agree,https://www.dutchnews.nl/2025/10/spotlighting-small-businesses-and-sustainable-growth-at-base/,,,2025-10-06T05:56:04+00:00,,,,Teknologi,2.1834714047263266,73,False,,,,html-enriched,DutchNews.nl,https://www.dutchnews.nl/,"The annual BASE Conference in Amsterdam will return this October with the theme Systems That Create Flow, focusing on how small business owners can build practical structures for growth without losing flexibility or creativity. Small and medium-sized enterprises account for 99% of all companies in the EU and employ nearly 160 million people, according to Eurostat. Yet too often, the conference organisers say, they’re excluded from the big conversations about growth, sustainability, and innovation. Funding and policy tend to flow...",Spotlighting small businesses and sustainable growth at BASE - DutchNews.nl,
,Økonomi,,IE,-19.1319673622666,,,,,en,0.9999999999123576,en,agree,https://www.independent.ie/regionals/wexford/enniscorthy-news/wexford-restaurant-back-on-the-market-after-devastating-fire/a1874734925.html,,,2025-10-10T07:40:00+02:00,,,,Teknologi,1.0573450078749915,81,False,,,,sitemap,Irish Independent,https://www.independent.ie/,A Wexford restaurant and store is back on the market after the owners made the tough decision to close down after a devastating fire.,Wexford restaurant back on the market after devastating fire,
,Økonomi,,NL,-22.138375412685463,,,,,en,1.0,en,agree,https://www.dutchnews.nl/2025/10/more-homes-for-sale-as-landlords-quit-prices-drop-in-amsterdam/,,,2025-10-09T08:35:12+00:00,,,,Teknologi,2.220177400758814,86,False,,,,html-enriched,DutchNews.nl,https://www.dutchnews.nl/,"Some 46,000 houses and apartments came onto the market between July and September – the highest number since 2008 – according to new figures from the estate agents’ association NVM. In total, 41,800 properties were sold in the third quarter of the year, at an average price of €496,000, a rise of 4.8% on a year ago. Prices rose fastest in the northern and southern border regions, while in Amsterdam they fell by 0.3%, the second consecutive quarterly decline in...","More homes for sale as landlords quit, prices drop in Amsterdam - DutchNews.nl",
,Økonomi,,NL,-24.966923094100245,,,,,en,1.0,en,agree,https://www.dutchnews.nl/2025/10/ben-jerrys-founder-wants-his-ice-cream-brand-back/,,,2025-10-09T07:25:35+00:00,,,,Teknologi,2.150819446438,96,False,,,,html-enriched,DutchNews.nl,https://www.dutchnews.nl/,"Ben Cohen, co-founder of ice cream maker Ben & Jerry’s, wants to buy back the brand from Unilever, which is spinning off its ice division under the name the Magnum Ice Cream Company. In an interview with the Financieele Dagblad, Cohen said the Amsterdam-based unit is “trying to silence” Ben & Jerry’s over its social and political activism. Unilever will separate its ice cream business on 10 November and list it on the Amsterdam stock exchange. The new company will...",Ben & Jerry’s founder wants his ice cream brand back - DutchNews.nl,
,Økonomi,,EU,-35.73511303447988,,,,,en,0.99999994493662,en,agree,https://www.euronews.com/business/2025/09/22/we-have-the-product-to-play-the-game-can-byds-meteoric-rise-in-europe-continue,,,2025-09-22T04:47:39+00:00,,,Utenriks,Utenriks,1.569228357725272,119,False,,,,html-enriched,Euronews (EN),https://www.euronews.com/,"“The conversion rate from test drive to purchase is outstanding in every market,” BYD’s Maria Grazia Davino told The Big Question. #TheBigQuestion",‘We have the product to play the game’: Can BYD’s meteoric rise in Europe continue? | Euronews,
apnews com video venezuelan-opposition-activist-maria-corina-machado-wins-the-nobel-peace-prize-c185ac15eeb54d808b973a38ff601a45,Mest debattert,"Venezuelan opposition activist María Corina Machado wins the Nobel Peace Prize. Opposition activist María Corina Machado of Venezuela won the Nobel Peace Prize on Friday. The former opposition presidential candidate in Venezuela was lauded for being a “key, unifying figure in a political opposition that was once deeply divided — an opposition that found common ground in the dem. apnews com video venezuelan-opposition-activist-maria-corina-machado-wins-the-nobel-peace-prize-c185ac15eeb54d808b973a38ff601a45",AT,,,,False,"['venezuelan', 'activist', 'corina', 'machado', 'wins', 'opposition']",en,1.0,en,agree,https://apnews.com/video/venezuelan-opposition-activist-maria-corina-machado-wins-the-nobel-peace-prize-c185ac15eeb54d808b973a38ff601a45,18.92749084772575,18.92749084772575,2025-10-10T12:07:31.323Z,2,"[{""subreddit"": ""worldnews"", ""r_title"": ""Venezuela's Maria Corina Machado wins 2025 Nobel Peace Prize"", ""permalink"": ""https://www.reddit.com/r/worldnews/comments/1o2vy2d/venezuelas_maria_corina_machado_wins_2025_nobel/"", ""debate_score"": 40099, ""sim"": 0.659545882944089, ""decided_by"": ""tfidf_gate""}, {""subreddit"": ""news"", ""r_title"": ""Venezuelan opposition leader María Corina Machado wins Nobel Peace Prize"", ""permalink"": ""https://www.reddit.com/r/news/comments/1o31vqx/venezuelan_opposition_leader_maría_corina_machado/"", ""debate_score"": 1237, ""sim"": 0.7375689979346688, ""decided_by"": ""tfidf_gate""}]",,Økonomi,1.5969076847438837,,,,,,sitemap,AP News – Austria hub,https://apnews.com/hub/austria,"Opposition activist María Corina Machado of Venezuela won the Nobel Peace Prize on Friday. The former opposition presidential candidate in Venezuela was lauded for being a “key, unifying figure in a political opposition that was once deeply divided — an opposition that found common ground in the dem",Venezuelan opposition activist María Corina Machado wins the Nobel Peace Prize,False
apnews com video judge-tosses-out-drakes-defamation-lawsuit-against-label-over-kendrick-lamars-not-like-us-46c01c8e5f9c4a0fa71b8a9378633434,Mest debattert,Judge tosses out Drake's defamation lawsuit against label over Kendrick Lamar's 'Not Like Us'. A defamation lawsuit that Drake brought against Universal Music Group was tossed out Thursday by a federal judge who said lyrics branding the superstar as a pedophile in Kendrick Lamar's dis track “Not Like Us” were opinion.. apnews com video judge-tosses-out-drakes-defamation-lawsuit-against-label-over-kendrick-lamars-not-like-us-46c01c8e5f9c4a0fa71b8a9378633434,AT,,,,False,"['drake', 'kendrick', 'lamar', 'lawsuit', 'judge', 'against']",en,0.99999999999885,en,agree,https://apnews.com/video/judge-tosses-out-drakes-defamation-lawsuit-against-label-over-kendrick-lamars-not-like-us-46c01c8e5f9c4a0fa71b8a9378633434,10.483529254725571,10.483529254725571,2025-10-09T23:49:31.848Z,1,"[{""subreddit"": ""news"", ""r_title"": ""Drake's lawsuit over Kendrick Lamar diss track is dismissed"", ""permalink"": ""https://www.reddit.com/r/news/comments/1o30l04/drakes_lawsuit_over_kendrick_lamar_diss_track_is/"", ""debate_score"": 16873, ""sim"": 0.5803725808264539, ""decided_by"": ""nano_forced""}]",Meninger,Meninger,1.4035108633250846,,,,,,sitemap,AP News – Austria hub,https://apnews.com/hub/austria,A defamation lawsuit that Drake brought against Universal Music Group was tossed out Thursday by a federal judge who said lyrics branding the superstar as a pedophile in Kendrick Lamar's dis track “Not Like Us” were opinion.,Judge tosses out Drake's defamation lawsuit against label over Kendrick Lamar's 'Not Like Us',False
politico eu article latvia-orders-800-russian-citizens-out-mid-october,Mest debattert,Latvia orders more than 800 Russian citizens to leave by mid-October. Russian citizens who failed to comply with Riga’s new immigration rules must leave by Oct. 13 or risk deportation.. politico eu article latvia-orders-800-russian-citizens-out-mid-october,EU,,,,False,"['latvia', 'orders', 'citizens', '800', 'leave', 'russian']",en,0.9999999971212516,en,agree,https://www.politico.eu/article/latvia-orders-800-russian-citizens-out-mid-october/,9.295780648268147,9.295780648268147,2025-10-10T13:35:57Z,1,"[{""subreddit"": ""europe"", ""r_title"": ""Latvia orders more than 800 Russian citizens to leave by mid-October"", ""permalink"": ""https://www.reddit.com/r/europe/comments/1o32flj/latvia_orders_more_than_800_russian_citizens_to/"", ""debate_score"": 5144, ""sim"": 0.8453118591853996, ""decided_by"": ""tfidf_strict""}]",,Økonomi,1.2721274720470412,,,,,,html,Politico Europe,https://www.politico.eu/,Russian citizens who failed to comply with Riga’s new immigration rules must leave by Oct. 13 or risk deportation.,Latvia orders more than 800 Russian citizens to leave by mid-October,False
euronews com culture 2025 10 11 oscar-winning-actress-diane-keaton-dies-at-the-age-of-79,Mest debattert,"Oscar-winning actress Diane Keaton dies at the age of 79 | Euronews. US Oscar-winning actress Diane Keaton, one of the best-loved film stars of the past 50 years, famed for her roles in ""Father of the Bride"" and ""First Wives Club,"" dies at the age of 79, US media reported, citing a family spokesperson.. euronews com culture 2025 10 11 oscar-winning-actress-diane-keaton-dies-at-the-age-of-79",EU,,,,False,"['actress', 'dies', 'diane', '79', 'keaton', 'age']",en,0.9999999999999782,en,agree,https://www.euronews.com/culture/2025/10/11/oscar-winning-actress-diane-keaton-dies-at-the-age-of-79,9.068498320504338,9.068498320504338,2025-10-11T19:45:28+00:00,1,"[{""subreddit"": ""television"", ""r_title"": ""Actress Diane Keaton has died at the age of 79"", ""permalink"": ""https://www.reddit.com/r/television/comments/1o43rke/actress_diane_keaton_has_died_at_the_age_of_79/"", ""debate_score"": 4098, ""sim"": 0.6168127181434412, ""decided_by"": ""nano_forced""}]",Underholdning,Underholdning,2.687389141901771,,,,,,html-enriched,Euronews (EN),https://www.euronews.com/,"US Oscar-winning actress Diane Keaton, one of the best-loved film stars of the past 50 years, famed for her roles in ""Father of the Bride"" and ""First Wives Club,"" dies at the age of 79, US media reported, citing a family spokesperson.",Oscar-winning actress Diane Keaton dies at the age of 79 | Euronews,False
lemonde fr disparitions article 2025 10 11 diane-keaton-actrice-americaine-oscarisee-pour-annie-hall-est-morte-a-l-age-de-79-ans 6645793 3382 html,Mest debattert,"Diane Keaton, actrice américaine oscarisée pour « Annie Hall », est morte à l’âge de 79 ans. Diane Keaton avait obtenu son premier grand rôle dans « Le Parrain », de Coppola, avant de tourner plusieurs films avec Woody Allen.. lemonde fr disparitions article 2025 10 11 diane-keaton-actrice-americaine-oscarisee-pour-annie-hall-est-morte-a-l-age-de-79-ans 6645793 3382 html",FR,,,,False,"['annie', 'hall', 'ans', 'diane', '79', 'keaton']",en,1.0,da,langid_confident,https://www.lemonde.fr/disparitions/article/2025/10/11/diane-keaton-actrice-americaine-oscarisee-pour-annie-hall-est-morte-a-l-age-de-79-ans_6645793_3382.html,8.204141078146678,8.204141078146678,2025-10-11T21:34:52+02:00,1,"[{""subreddit"": ""news"", ""r_title"": ""Diane Keaton death: Oscar-winning Annie Hall star dies aged 79"", ""permalink"": ""https://www.reddit.com/r/news/comments/1o445gd/diane_keaton_death_oscarwinning_annie_hall_star/"", ""debate_score"": 1726, ""sim"": 0.4972550314540618, ""decided_by"": ""nano_forced""}]",,Økonomi,2.035005775069988,,,,,,sitemap,Le Monde (EN),https://www.lemonde.fr/en/,"Diane Keaton avait obtenu son premier grand rôle dans « Le Parrain », de Coppola, avant de tourner plusieurs films avec Woody Allen.","Diane Keaton, actrice américaine oscarisée pour « Annie Hall », est morte à l’âge de 79 ans",False
apnews com video floridas-little-venezuela-celebrates-opposition-leader-machados-nobel-peace-prize-1a478eee64bd46ce894c38f8eb1e61bf,Mest debattert,Florida's ‘Little Venezuela’ celebrates opposition leader Machado’s Nobel Peace Prize. Florida's ‘Little Venezuela’ celebrates opposition leader Machado’s Nobel Peace Prize. apnews com video floridas-little-venezuela-celebrates-opposition-leader-machados-nobel-peace-prize-1a478eee64bd46ce894c38f8eb1e61bf,AT,,,,False,"['celebrates', 'florida', 'venezuela', 'machado', 'opposition', 'leader']",en,0.9999942272154057,en,langid_confident,https://apnews.com/video/floridas-little-venezuela-celebrates-opposition-leader-machados-nobel-peace-prize-1a478eee64bd46ce894c38f8eb1e61bf,7.871252453244542,7.871252453244542,2025-10-10T20:42:00.631Z,1,"[{""subreddit"": ""news"", ""r_title"": ""Venezuelan opposition leader María Corina Machado wins Nobel Peace Prize"", ""permalink"": ""https://www.reddit.com/r/news/comments/1o31vqx/venezuelan_opposition_leader_maría_corina_machado/"", ""debate_score"": 1237, ""sim"": 0.5531310595889192, ""decided_by"": ""nano_forced""}]",,Økonomi,1.0922102677054155,,,,,,sitemap,AP News – Austria hub,https://apnews.com/hub/austria,Florida's ‘Little Venezuela’ celebrates opposition leader Machado’s Nobel Peace Prize,Florida's ‘Little Venezuela’ celebrates opposition leader Machado’s Nobel Peace Prize,False
helsinkitimes fi world-int 28082-maria-corina-machado-awarded-nobel-peace-prize html,Mest debattert,"María Corina Machado awarded Nobel Peace Prize - Helsinki Times. María Corina Machado, the Venezuelan opposition leader, has received the 2025 Nobel Peace Prize for her long-standing work defending democratic principles in Venezuela. The Norwegian Nobel Committee announced the award in Oslo, citing her efforts to unify opposition groups, promote free elections, and push for a non-violent transition to democracy. “She is a woman who keeps the flame of democracy burning amidst a growing darkness,” said Jørgen Watne Frydnes, chair of the committee.. helsinkitimes fi world-int 28082-maria-corina-machado-awarded-nobel-peace-prize html",FI,,,,False,"['awarded', 'corina', 'machado', 'helsinki', 'prize', 'nobel']",en,1.0,en,agree,https://www.helsinkitimes.fi/world-int/28082-maria-corina-machado-awarded-nobel-peace-prize.html,7.871252453244542,7.871252453244542,2025-10-10T10:38:24+00:00,1,"[{""subreddit"": ""news"", ""r_title"": ""Venezuelan opposition leader María Corina Machado wins Nobel Peace Prize"", ""permalink"": ""https://www.reddit.com/r/news/comments/1o31vqx/venezuelan_opposition_leader_maría_corina_machado/"", ""debate_score"": 1237, ""sim"": 0.6145189023425807, ""decided_by"": ""nano_forced""}]",Meninger,Meninger,2.15064731643151,,,,,,html-enriched,Helsinki Times (EN),https://www.helsinkitimes.fi/,"María Corina Machado, the Venezuelan opposition leader, has received the 2025 Nobel Peace Prize for her long-standing work defending democratic principles in Venezuela. The Norwegian Nobel Committee announced the award in Oslo, citing her efforts to unify opposition groups, promote free elections, and push for a non-violent transition to democracy. “She is a woman who keeps the flame of democracy burning amidst a growing darkness,” said Jørgen Watne Frydnes, chair of the committee.",María Corina Machado awarded Nobel Peace Prize - Helsinki Times,False
politico eu article nobel-peace-prize-goes-to-venezuelan-opposition-leader-despite-trump-lobbying,Mest debattert,"Nobel Peace Prize goes to Venezuelan opposition leader despite Trump lobbying. María Corina Machado won for her years spent “working for the freedom of the Venezuelan people,” according to the Nobel Committee chairman. politico eu article nobel-peace-prize-goes-to-venezuelan-opposition-leader-despite-trump-lobbying",EU,,,,True,"['lobbying', 'venezuelan', 'goes', 'opposition', 'leader', 'prize']",en,0.999999999998262,en,agree,https://www.politico.eu/article/nobel-peace-prize-goes-to-venezuelan-opposition-leader-despite-trump-lobbying/,7.871252453244542,7.871252453244542,2025-10-10T09:08:27Z,1,"[{""subreddit"": ""news"", ""r_title"": ""Venezuelan opposition leader María Corina Machado wins Nobel Peace Prize"", ""permalink"": ""https://www.reddit.com/r/news/comments/1o31vqx/venezuelan_opposition_leader_maría_corina_machado/"", ""debate_score"": 1237, ""sim"": 0.6327118158452762, ""decided_by"": ""tfidf_gate""}]",Meninger,Meninger,1.3808199445530709,,,,,,html,Politico Europe,https://www.politico.eu/,"María Corina Machado won for her years spent “working for the freedom of the Venezuelan people,” according to the Nobel Committee chairman",Nobel Peace Prize goes to Venezuelan opposition leader despite Trump lobbying,True
news err ee 1609827133 ppa-armed-russian-groups-seen-in-saatse-boot,Mest debattert,"PPA: Armed Russian groups seen in Saatse Boot. A group of armed Russian soldiers was seen standing in Saatse Boot in south Estonia, a stretch of Russian territory that Estonians can drive through, which the Police and Border Guard Board (PPA) temporarily closed on Friday. The interior minister said the latest information suggests they have now left the area.. news err ee 1609827133 ppa-armed-russian-groups-seen-in-saatse-boot",EE,,,,False,"['saatse', 'boot', 'ppa', 'armed', 'groups', 'seen']",en,1.0,en,agree,https://news.err.ee/1609827133/ppa-armed-russian-groups-seen-in-saatse-boot,6.053304908059076,6.053304908059076,2025-10-11T19:34:00+0300,1,"[{""subreddit"": ""europe"", ""r_title"": ""PPA: Armed Russian groups seen in Saatse Boot"", ""permalink"": ""https://www.reddit.com/r/europe/comments/1o4420o/ppa_armed_russian_groups_seen_in_saatse_boot/"", ""debate_score"": 200, ""sim"": 0.8136324628271961, ""decided_by"": ""tfidf_strict""}]",,Økonomi,1.9465708333295528,,,,,,html,ERR News (EN),https://news.err.ee/,"A group of armed Russian soldiers was seen standing in Saatse Boot in south Estonia, a stretch of Russian territory that Estonians can drive through, which the Police and Border Guard Board (PPA) temporarily closed on Friday. The interior minister said the latest information suggests they have now left the area.",PPA: Armed Russian groups seen in Saatse Boot,False
dailyfinland fi worldwide 45660 6-killed-in-earthquake-off-southern-philippines,Mest debattert,"6 killed in earthquake off southern Philippines. A magnitude 7.4 earthquake struck off the coast of Davao Oriental province in the southern Philippines on Monday morning, killing. dailyfinland fi worldwide 45660 6-killed-in-earthquake-off-southern-philippines",FI,,,,False,"['earthquake', 'philippines', 'southern', 'killed', 'off']",en,0.99999954224147,en,agree,https://www.dailyfinland.fi/worldwide/45660/6-killed-in-earthquake-off-southern-Philippines,6.012690188904886,6.012690188904886,,1,"[{""subreddit"": ""news"", ""r_title"": ""Tsunami threat widens to parts of Indonesia and Palau after earthquake off southern Philippines"", ""permalink"": ""https://www.reddit.com/r/news/comments/1o31nvu/tsunami_threat_widens_to_parts_of_indonesia_and/"", ""debate_score"": 192, ""sim"": 0.524837489646005, ""decided_by"": ""nano_forced""}]",,Økonomi,1.31625,,,,,,html-enriched,Daily Finland (EN),https://www.dailyfinland.fi/,"A magnitude 7.4 earthquake struck off the coast of Davao Oriental province in the southern Philippines on Monday morning, killing",6 killed in earthquake off southern Philippines,False
euronews com health 2025 10 07 tango-dancing-painting-and-gaming-can-help-slow-brain-ageing-new-study-finds,Mest debattert,"Tango dancing, painting and gaming can help slow brain ageing, new study finds | Euronews. Using machine-learning “brain clocks"", researchers showed that creative engagement can preserve functional connectivity in brain regions most vulnerable to decline.. euronews com health 2025 10 07 tango-dancing-painting-and-gaming-can-help-slow-brain-ageing-new-study-finds",EU,,,,False,"['dancing', 'painting', 'ageing', 'gaming', 'slow', 'brain']",en,0.9999999675818938,en,agree,https://www.euronews.com/health/2025/10/07/tango-dancing-painting-and-gaming-can-help-slow-brain-ageing-new-study-finds,4.183987204485146,4.183987204485146,2025-10-07T05:02:25+00:00,1,"[{""subreddit"": ""Health"", ""r_title"": ""Creative pursuits can help slow brain ageing, new research reveals"", ""permalink"": ""https://www.reddit.com/r/Health/comments/1o083xv/creative_pursuits_can_help_slow_brain_ageing_new/"", ""debate_score"": 30, ""sim"": 0.5719424119719912, ""decided_by"": ""nano_forced""}]",,Økonomi,1.627738238662816,,,,,,html-enriched,Euronews (EN),https://www.euronews.com/,"Using machine-learning “brain clocks"", researchers showed that creative engagement can preserve functional connectivity in brain regions most vulnerable to decline.","Tango dancing, painting and gaming can help slow brain ageing, new study finds | Euronews",False
euronews com business 2025 10 09 not-up-for-discussion-brussels-rejects-washingtons-pressure-on-climate-rules,Mest debattert,"'Not up for discussion': Brussels rejects Washington's pressure on climate rules | Euronews. In response to US demands to roll back the EU's environmental legislation, the European Commission defended its autonomous power to adopt laws.. euronews com business 2025 10 09 not-up-for-discussion-brussels-rejects-washingtons-pressure-on-climate-rules",EU,,,,False,"['discussion', 'rejects', 'washington', 'pressure', 'rules', 'brussels']",en,0.999999984926513,en,agree,https://www.euronews.com/business/2025/10/09/not-up-for-discussion-brussels-rejects-washingtons-pressure-on-climate-rules,3.794522437723423,3.794522437723423,2025-10-09T16:09:45+00:00,1,"[{""subreddit"": ""climate"", ""r_title"": ""Brussels rejects Washington's pressure on climate rules. In response to US demands to roll back the EU's environmental legislation, the European Commission defended its autonomous power to adopt laws. “Our laws, our European regulatory authority, is not up for discussion”"", ""permalink"": ""https://www.reddit.com/r/climate/comments/1o2x2ca/brussels_rejects_washingtons_pressure_on_climate/"", ""debate_score"": 20, ""sim"": 0.8579301423229057, ""decided_by"": ""tfidf_strict""}]",Teknologi,Teknologi,1.5947935727342974,,,,,,html-enriched,Euronews (EN),https://www.euronews.com/,"In response to US demands to roll back the EU's environmental legislation, the European Commission defended its autonomous power to adopt laws.",'Not up for discussion': Brussels rejects Washington's pressure on climate rules | Euronews,False
apnews com video stocks-tumble-in-wall-streets-worst-day-since-april-after-trump-threatens-more-tariffs-on-china-5afa10077536406883ad3fd271ee198a,Mest debattert,"Stocks tumble in Wall Street’s worst day since April after Trump threatens more tariffs on China. The S&P 500 sank 2.7% Friday in its worst day since April. The Dow Jones Industrial Average dropped 1.9%, and the Nasdaq composite lost 3.6%.. apnews com video stocks-tumble-in-wall-streets-worst-day-since-april-after-trump-threatens-more-tariffs-on-china-5afa10077536406883ad3fd271ee198a",AT,,,,True,"['stocks', 'wall', 'street', 'worst', 'april', 'threatens']",en,0.9999999970157654,en,agree,https://apnews.com/video/stocks-tumble-in-wall-streets-worst-day-since-april-after-trump-threatens-more-tariffs-on-china-5afa10077536406883ad3fd271ee198a,1.5341343008497368,7.670671504248683,2025-10-10T20:21:02.438Z,1,"[{""subreddit"": ""Economics"", ""r_title"": ""US stocks drop toward worst day since April after Trump threatens more tariffs on China"", ""permalink"": ""https://www.reddit.com/r/Economics/comments/1o38qlr/us_stocks_drop_toward_worst_day_since_april_after/"", ""debate_score"": 1012, ""sim"": 0.8299304421818612, ""decided_by"": ""tfidf_strict""}]",,Økonomi,1.2311152134257617,,,,,,sitemap,AP News – Austria hub,https://apnews.com/hub/austria,"The S&P 500 sank 2.7% Friday in its worst day since April. The Dow Jones Industrial Average dropped 1.9%, and the Nasdaq composite lost 3.6%.",Stocks tumble in Wall Street’s worst day since April after Trump threatens more tariffs on China,False
politico eu article donald-trump-trade-war-india-britain-tariffs-keir-starmer-narendra-modi,Mest debattert,Trump’s trade war has India hugging Britain close. The U.S. president’s second stint in office is binding the two countries together — and prompting London to look the other way on contentious issues.. politico eu article donald-trump-trade-war-india-britain-tariffs-keir-starmer-narendra-modi,EU,,,,True,"['hugging', 'close', 'britain', 'india', 'trade', 'trump']",en,0.999999932624221,en,agree,https://www.politico.eu/article/donald-trump-trade-war-india-britain-tariffs-keir-starmer-narendra-modi/,0.911332497954064,4.55666248977032,2025-10-09T19:30:57Z,1,"[{""subreddit"": ""geopolitics"", ""r_title"": ""Trump’s trade war has India hugging Britain close"", ""permalink"": ""https://www.reddit.com/r/geopolitics/comments/1o35ogn/trumps_trade_war_has_india_hugging_britain_close/"", ""debate_score"": 44, ""sim"": 0.652629958059938, ""decided_by"": ""tfidf_gate""}]",Politikk,Politikk,1.2185310361821402,,,,,,html,Politico Europe,https://www.politico.eu/,The U.S. president’s second stint in office is binding the two countries together — and prompting London to look the other way on contentious issues.,Trump’s trade war has India hugging Britain close,False
apnews com live donald-trump-news-updates-10-8-2025,Mest debattert,"Trump says officials should be jailed as they oppose his use of National Guard troops. President Donald Trump on Wednesday said Illinois Governor JB Pritzker and Chicago Mayor Brandon Johnson, both Democrats, should be jailed as they oppose his deployment of National Guard troops to Chicago.. apnews com live donald-trump-news-updates-10-8-2025",AT,,,,True,"['oppose', 'jailed', 'troops', 'guard', 'officials', 'should']",en,0.9999999999999648,en,agree,https://apnews.com/live/donald-trump-news-updates-10-8-2025,0.6105170185988092,3.052585092994046,"October 8, 2025 08:10 AM",1,"[{""subreddit"": ""usanews"", ""r_title"": ""Trump says Illinois governor and Chicago mayor should be jailed as they oppose Guard deployment"", ""permalink"": ""https://www.reddit.com/r/usanews/comments/1o1sfio/trump_says_illinois_governor_and_chicago_mayor/"", ""debate_score"": 9, ""sim"": 0.6008387121870788, ""decided_by"": ""nano_forced""}]",Politikk,Politikk,1.3358578337930365,,,,,,sitemap,AP News – Austria hub,https://apnews.com/hub/austria,"President Donald Trump on Wednesday said Illinois Governor JB Pritzker and Chicago Mayor Brandon Johnson, both Democrats, should be jailed as they oppose his deployment of National Guard troops to Chicago.",Trump says officials should be jailed as they oppose his use of National Guard troops,False
apnews com live donald-trump-news-updates-10-9-2025,Mest debattert,New York Attorney General Letitia James indicted on fraud charge after Trump's urging. New York Attorney General Letitia James was indicted Thursday on mortgage fraud charges in a case that President Donald Trump urged his Justice Department to bring after he vowed retribution on his biggest political enemies.. apnews com live donald-trump-news-updates-10-9-2025,AT,,,,True,"['urging', 'attorney', 'indicted', 'fraud', 'letitia', 'charge']",en,0.9999999990437676,en,agree,https://apnews.com/live/donald-trump-news-updates-10-9-2025,0.589444915467244,2.94722457733622,"October 9, 2025 07:48 AM",1,"[{""subreddit"": ""usanews"", ""r_title"": ""Letitia James, the New York attorney general who defeated Trump in court, indicted by Justice Department"", ""permalink"": ""https://www.reddit.com/r/usanews/comments/1o2hqg5/letitia_james_the_new_york_attorney_general_who/"", ""debate_score"": 8, ""sim"": 0.5993029259855049, ""decided_by"": ""nano_forced""}]",Politikk,Politikk,1.3922627243461498,,,,,,sitemap,AP News – Austria hub,https://apnews.com/hub/austria,New York Attorney General Letitia James was indicted Thursday on mortgage fraud charges in a case that President Donald Trump urged his Justice Department to bring after he vowed retribution on his biggest political enemies.,New York Attorney General Letitia James indicted on fraud charge after Trump's urging,False
